{
  "_metadata": {
    "description": "Supplemental water utility data for cities not well-covered by EPA SDWIS",
    "last_updated": "2026-01-11",
    "source": "Manual compilation from city websites"
  },
  "by_city": {
    "TX|AUSTIN": {
      "name": "Austin Water",
      "phone": "512-972-0000",
      "website": "https://www.austintexas.gov/department/austin-water",
      "_confidence": "high",
      "_source": "supplemental"
    },
    "TX|SAN ANTONIO": {
      "name": "San Antonio Water System (SAWS)",
      "phone": "210-704-7297",
      "website": "https://www.saws.org",
      "_confidence": "high",
      "_source": "supplemental"
    },
    "TX|HOUSTON": {
      "name": "City of Houston Public Works",
      "phone": "713-837-0311",
      "website": "https://www.publicworks.houstontx.gov",
      "_confidence": "high",
      "_source": "supplemental"
    },
    "TX|DALLAS": {
      "name": "Dallas Water Utilities",
      "phone": "214-651-1441",
      "website": "https://dallascityhall.com/departments/waterutilities",
      "_confidence": "high",
      "_source": "supplemental"
    },
    "TX|FORT WORTH": {
      "name": "Fort Worth Water",
      "phone": "817-392-4477",
      "website": "https://www.fortworthtexas.gov/water",
      "_confidence": "high",
      "_source": "supplemental"
    },
    "TX|KYLE": {
      "name": "City of Kyle Utilities",
      "phone": "512-262-3939",
      "website": "https://www.cityofkyle.com/utilities",
      "_confidence": "high",
      "_source": "supplemental",
      "_note": "City provides water service; MUD boundaries may be outdated"
    },
    "TX|KYLE-BUDA": {
      "name": "City of Kyle Utilities",
      "phone": "512-262-3939",
      "website": "https://www.cityofkyle.com/utilities",
      "_confidence": "high",
      "_source": "supplemental",
      "_note": "City provides water service; MUD boundaries may be outdated"
    },
    "TX|EL PASO": {
      "name": "El Paso Water",
      "phone": "915-594-5500",
      "website": "https://www.epwater.org",
      "_confidence": "high",
      "_source": "supplemental"
    },
    "CA|LOS ANGELES": {
      "name": "Los Angeles Department of Water and Power (LADWP)",
      "phone": "1-800-342-5397",
      "website": "https://www.ladwp.com",
      "_confidence": "high",
      "_source": "supplemental"
    },
    "CA|SAN DIEGO": {
      "name": "City of San Diego Public Utilities",
      "phone": "619-515-3500",
      "website": "https://www.sandiego.gov/public-utilities",
      "_confidence": "high",
      "_source": "supplemental"
    },
    "CA|SAN JOSE": {
      "name": "San Jose Water Company",
      "phone": "408-279-7900",
      "website": "https://www.sjwater.com",
      "_confidence": "high",
      "_source": "supplemental"
    },
    "CA|SAN FRANCISCO": {
      "name": "San Francisco Public Utilities Commission",
      "phone": "415-551-3000",
      "website": "https://www.sfpuc.org",
      "_confidence": "high",
      "_source": "supplemental"
    },
    "CA|FRESNO": {
      "name": "City of Fresno Water Division",
      "phone": "559-621-5300",
      "website": "https://www.fresno.gov/publicutilities",
      "_confidence": "high",
      "_source": "supplemental"
    },
    "CA|SACRAMENTO": {
      "name": "City of Sacramento Utilities",
      "phone": "916-264-5011",
      "website": "https://www.cityofsacramento.org/utilities",
      "_confidence": "high",
      "_source": "supplemental"
    },
    "CA|LONG BEACH": {
      "name": "Long Beach Water Department",
      "phone": "562-570-2300",
      "website": "https://www.lbwater.org",
      "_confidence": "high",
      "_source": "supplemental"
    },
    "CA|OAKLAND": {
      "name": "East Bay Municipal Utility District (EBMUD)",
      "phone": "866-403-2683",
      "website": "https://www.ebmud.com",
      "_confidence": "high",
      "_source": "supplemental"
    },
    "NY|NEW YORK": {
      "name": "NYC Department of Environmental Protection",
      "phone": "718-595-7000",
      "website": "https://www.nyc.gov/dep",
      "_confidence": "high",
      "_source": "supplemental"
    },
    "NY|BUFFALO": {
      "name": "Buffalo Water",
      "phone": "716-847-1065",
      "website": "https://buffalowater.org",
      "_confidence": "high",
      "_source": "supplemental"
    },
    "IL|CHICAGO": {
      "name": "Chicago Department of Water Management",
      "phone": "312-744-4420",
      "website": "https://www.chicago.gov/water",
      "_confidence": "high",
      "_source": "supplemental"
    },
    "PA|PHILADELPHIA": {
      "name": "Philadelphia Water Department",
      "phone": "215-685-6300",
      "website": "https://www.phila.gov/water",
      "_confidence": "high",
      "_source": "supplemental"
    },
    "PA|PITTSBURGH": {
      "name": "Pittsburgh Water and Sewer Authority",
      "phone": "412-255-2423",
      "website": "https://www.pgh2o.com",
      "_confidence": "high",
      "_source": "supplemental"
    },
    "AZ|PHOENIX": {
      "name": "City of Phoenix Water Services",
      "phone": "602-262-6251",
      "website": "https://www.phoenix.gov/waterservices",
      "_confidence": "high",
      "_source": "supplemental"
    },
    "AZ|TUCSON": {
      "name": "Tucson Water",
      "phone": "520-791-3242",
      "website": "https://www.tucsonaz.gov/water",
      "_confidence": "high",
      "_source": "supplemental"
    },
    "AZ|MESA": {
      "name": "City of Mesa Water Resources",
      "phone": "480-644-2262",
      "website": "https://www.mesaaz.gov/residents/water",
      "_confidence": "high",
      "_source": "supplemental"
    },
    "FL|JACKSONVILLE": {
      "name": "JEA Water",
      "phone": "904-665-6000",
      "website": "https://www.jea.com",
      "_confidence": "high",
      "_source": "supplemental"
    },
    "FL|MIAMI": {
      "name": "Miami-Dade Water and Sewer Department",
      "phone": "305-665-7477",
      "website": "https://www.miamidade.gov/water",
      "_confidence": "high",
      "_source": "supplemental"
    },
    "FL|TAMPA": {
      "name": "City of Tampa Water Department",
      "phone": "813-274-8811",
      "website": "https://www.tampa.gov/water",
      "_confidence": "high",
      "_source": "supplemental"
    },
    "FL|ORLANDO": {
      "name": "Orlando Utilities Commission (OUC)",
      "phone": "407-423-9018",
      "website": "https://www.ouc.com",
      "_confidence": "high",
      "_source": "supplemental"
    },
    "FL|ST. PETERSBURG": {
      "name": "City of St. Petersburg Water Resources",
      "phone": "727-893-7261",
      "website": "https://www.stpete.org/water",
      "_confidence": "high",
      "_source": "supplemental"
    },
    "OH|COLUMBUS": {
      "name": "City of Columbus Division of Water",
      "phone": "614-645-7788",
      "website": "https://www.columbus.gov/water",
      "_confidence": "high",
      "_source": "supplemental"
    },
    "OH|CLEVELAND": {
      "name": "Cleveland Water",
      "phone": "216-664-3130",
      "website": "https://www.clevelandwater.com",
      "_confidence": "high",
      "_source": "supplemental"
    },
    "OH|CINCINNATI": {
      "name": "Greater Cincinnati Water Works",
      "phone": "513-591-7700",
      "website": "https://www.cincinnati-oh.gov/water",
      "_confidence": "high",
      "_source": "supplemental"
    },
    "GA|ATLANTA": {
      "name": "City of Atlanta Department of Watershed Management",
      "phone": "404-546-0311",
      "website": "https://www.atlantawatershed.org",
      "_confidence": "high",
      "_source": "supplemental"
    },
    "NC|CHARLOTTE": {
      "name": "Charlotte Water",
      "phone": "311",
      "website": "https://charlottenc.gov/water",
      "_confidence": "high",
      "_source": "supplemental"
    },
    "NC|RALEIGH": {
      "name": "City of Raleigh Public Utilities",
      "phone": "919-996-3245",
      "website": "https://www.raleighnc.gov/water",
      "_confidence": "high",
      "_source": "supplemental"
    },
    "MI|DETROIT": {
      "name": "Great Lakes Water Authority",
      "phone": "313-926-8100",
      "website": "https://www.glwater.org",
      "_confidence": "high",
      "_source": "supplemental"
    },
    "TN|MEMPHIS": {
      "name": "Memphis Light, Gas and Water (MLGW)",
      "phone": "901-544-6549",
      "website": "https://www.mlgw.com",
      "_confidence": "high",
      "_source": "supplemental"
    },
    "TN|NASHVILLE": {
      "name": "Metro Water Services",
      "phone": "615-862-4600",
      "website": "https://www.nashville.gov/water",
      "_confidence": "high",
      "_source": "supplemental"
    },
    "CO|DENVER": {
      "name": "Denver Water",
      "phone": "303-893-2444",
      "website": "https://www.denverwater.org",
      "_confidence": "high",
      "_source": "supplemental"
    },
    "CO|COLORADO SPRINGS": {
      "name": "Colorado Springs Utilities",
      "phone": "719-448-4800",
      "website": "https://www.csu.org",
      "_confidence": "high",
      "_source": "supplemental"
    },
    "WA|SEATTLE": {
      "name": "Seattle Public Utilities",
      "phone": "206-684-3000",
      "website": "https://www.seattle.gov/utilities",
      "_confidence": "high",
      "_source": "supplemental"
    },
    "WA|TACOMA": {
      "name": "Tacoma Public Utilities",
      "phone": "253-502-8600",
      "website": "https://www.mytpu.org",
      "_confidence": "high",
      "_source": "supplemental"
    },
    "OR|PORTLAND": {
      "name": "Portland Water Bureau",
      "phone": "503-823-7770",
      "website": "https://www.portlandoregon.gov/water",
      "_confidence": "high",
      "_source": "supplemental"
    },
    "MA|BOSTON": {
      "name": "Boston Water and Sewer Commission",
      "phone": "617-989-7000",
      "website": "https://www.bwsc.org",
      "_confidence": "high",
      "_source": "supplemental"
    },
    "MD|BALTIMORE": {
      "name": "Baltimore City Department of Public Works",
      "phone": "410-396-5398",
      "website": "https://publicworks.baltimorecity.gov",
      "_confidence": "high",
      "_source": "supplemental"
    },
    "DC|WASHINGTON": {
      "name": "DC Water",
      "phone": "202-354-3600",
      "website": "https://www.dcwater.com",
      "_confidence": "high",
      "_source": "supplemental"
    },
    "MN|MINNEAPOLIS": {
      "name": "Minneapolis Water Treatment & Distribution",
      "phone": "612-661-4999",
      "website": "https://www.minneapolismn.gov/water",
      "_confidence": "high",
      "_source": "supplemental"
    },
    "MN|ST. PAUL": {
      "name": "Saint Paul Regional Water Services",
      "phone": "651-266-6350",
      "website": "https://www.stpaul.gov/water",
      "_confidence": "high",
      "_source": "supplemental"
    },
    "MO|KANSAS CITY": {
      "name": "KC Water",
      "phone": "816-513-1313",
      "website": "https://www.kcwater.us",
      "_confidence": "high",
      "_source": "supplemental"
    },
    "MO|ST. LOUIS": {
      "name": "St. Louis Water Division",
      "phone": "314-771-2255",
      "website": "https://www.stlwater.com",
      "_confidence": "high",
      "_source": "supplemental"
    },
    "NV|LAS VEGAS": {
      "name": "Las Vegas Valley Water District",
      "phone": "702-870-4194",
      "website": "https://www.lvvwd.com",
      "_confidence": "high",
      "_source": "supplemental"
    },
    "IN|INDIANAPOLIS": {
      "name": "Citizens Water",
      "phone": "317-924-3311",
      "website": "https://www.citizensenergygroup.com/water",
      "_confidence": "high",
      "_source": "supplemental"
    },
    "WI|MILWAUKEE": {
      "name": "Milwaukee Water Works",
      "phone": "414-286-2830",
      "website": "https://city.milwaukee.gov/water",
      "_confidence": "high",
      "_source": "supplemental"
    },
    "OK|OKLAHOMA CITY": {
      "name": "Oklahoma City Utilities",
      "phone": "405-297-2833",
      "website": "https://www.okc.gov/utilities",
      "_confidence": "high",
      "_source": "supplemental"
    },
    "OK|TULSA": {
      "name": "City of Tulsa Water and Sewer",
      "phone": "918-596-9511",
      "website": "https://www.cityoftulsa.org/water",
      "_confidence": "high",
      "_source": "supplemental"
    },
    "KY|LOUISVILLE": {
      "name": "Louisville Water Company",
      "phone": "502-583-6610",
      "website": "https://www.louisvillewater.com",
      "_confidence": "high",
      "_source": "supplemental"
    },
    "LA|NEW ORLEANS": {
      "name": "Sewerage & Water Board of New Orleans",
      "phone": "504-529-2837",
      "website": "https://www.swbno.org",
      "_confidence": "high",
      "_source": "supplemental"
    },
    "NM|ALBUQUERQUE": {
      "name": "Albuquerque Bernalillo County Water Utility Authority",
      "phone": "505-842-9287",
      "website": "https://www.abcwua.org",
      "_confidence": "high",
      "_source": "supplemental"
    },
    "UT|SALT LAKE CITY": {
      "name": "Salt Lake City Public Utilities",
      "phone": "801-483-6900",
      "website": "https://www.slc.gov/utilities",
      "_confidence": "high",
      "_source": "supplemental"
    },
    "HI|HONOLULU": {
      "name": "Honolulu Board of Water Supply",
      "phone": "808-748-5000",
      "website": "https://www.boardofwatersupply.com",
      "_confidence": "high",
      "_source": "supplemental"
    },
    "SC|ANDERSON": {
      "name": "Hammond Water District",
      "phone": "864-847-4957",
      "website": "https://hammondwater.com",
      "address": "4315 Hwy 29 North, Belton, SC 29627",
      "_confidence": "high",
      "_source": "supplemental",
      "_note": "Serves Anderson County including Anderson city, Belton area"
    },
    "SC|BELTON": {
      "name": "Hammond Water District",
      "phone": "864-847-4957",
      "website": "https://hammondwater.com",
      "address": "4315 Hwy 29 North, Belton, SC 29627",
      "_confidence": "high",
      "_source": "supplemental"
    }
  }
}
