{
  "_metadata": {
    "description": "Golden test suite for utility lookup regression testing",
    "created": "2026-01-19",
    "version": "1.0",
    "total_tests": 200,
    "notes": "Run current system to capture expected results before refactor"
  },
  "tests": [
    {
      "test_id": "tx_austin_001",
      "address": "1100 Congress Ave, Austin, TX 78701",
      "city": "Austin",
      "county": "Travis",
      "state": "TX",
      "zip_code": "78701",
      "lat": 30.2747,
      "lon": -97.7404,
      "expected_electric": "Austin Energy",
      "expected_gas": "Texas Gas Service",
      "notes": "Municipal utility - exempt from deregulation"
    },
    {
      "test_id": "tx_houston_001",
      "address": "1000 Main St, Houston, TX 77002",
      "city": "Houston",
      "county": "Harris",
      "state": "TX",
      "zip_code": "77002",
      "lat": 29.7604,
      "lon": -95.3698,
      "expected_electric": "CenterPoint Energy",
      "expected_gas": "CenterPoint Energy",
      "notes": "Deregulated - TDU is CenterPoint"
    },
    {
      "test_id": "tx_dallas_001",
      "address": "1500 Marilla St, Dallas, TX 75201",
      "city": "Dallas",
      "county": "Dallas",
      "state": "TX",
      "zip_code": "75201",
      "lat": 32.7767,
      "lon": -96.7970,
      "expected_electric": "Oncor",
      "expected_gas": "Atmos Energy",
      "notes": "Deregulated - TDU is Oncor"
    },
    {
      "test_id": "tx_sanantonio_001",
      "address": "100 Military Plaza, San Antonio, TX 78205",
      "city": "San Antonio",
      "county": "Bexar",
      "state": "TX",
      "zip_code": "78205",
      "lat": 29.4241,
      "lon": -98.4936,
      "expected_electric": "CPS Energy",
      "expected_gas": "CPS Energy",
      "notes": "Municipal utility"
    },
    {
      "test_id": "tx_kyle_001",
      "address": "301 Treasure Trove Path, Kyle, TX 78640",
      "city": "Kyle",
      "county": "Hays",
      "state": "TX",
      "zip_code": "78640",
      "lat": 29.9891,
      "lon": -97.8772,
      "expected_electric": "Pedernales Electric Cooperative",
      "expected_gas": "Texas Gas Service",
      "notes": "Electric co-op area"
    },
    {
      "test_id": "fl_miami_001",
      "address": "100 NE 1st Ave, Miami, FL 33132",
      "city": "Miami",
      "county": "Miami-Dade",
      "state": "FL",
      "zip_code": "33132",
      "lat": 25.7751,
      "lon": -80.1894,
      "expected_electric": "Florida Power & Light",
      "expected_gas": null,
      "notes": "FPL territory, limited gas service"
    },
    {
      "test_id": "fl_tampa_001",
      "address": "315 E Kennedy Blvd, Tampa, FL 33602",
      "city": "Tampa",
      "county": "Hillsborough",
      "state": "FL",
      "zip_code": "33602",
      "lat": 27.9475,
      "lon": -82.4584,
      "expected_electric": "Tampa Electric",
      "expected_gas": "Peoples Gas",
      "notes": "TECO territory"
    },
    {
      "test_id": "fl_orlando_001",
      "address": "400 S Orange Ave, Orlando, FL 32801",
      "city": "Orlando",
      "county": "Orange",
      "state": "FL",
      "zip_code": "32801",
      "lat": 28.5383,
      "lon": -81.3792,
      "expected_electric": "Orlando Utilities Commission",
      "expected_gas": null,
      "notes": "Municipal utility"
    },
    {
      "test_id": "fl_jacksonville_001",
      "address": "117 W Duval St, Jacksonville, FL 32202",
      "city": "Jacksonville",
      "county": "Duval",
      "state": "FL",
      "zip_code": "32202",
      "lat": 30.3322,
      "lon": -81.6557,
      "expected_electric": "JEA",
      "expected_gas": null,
      "notes": "Municipal utility"
    },
    {
      "test_id": "ga_atlanta_001",
      "address": "55 Trinity Ave SW, Atlanta, GA 30303",
      "city": "Atlanta",
      "county": "Fulton",
      "state": "GA",
      "zip_code": "30303",
      "lat": 33.7490,
      "lon": -84.3880,
      "expected_electric": "Georgia Power",
      "expected_gas": "Atlanta Gas Light",
      "notes": "Georgia Power territory"
    },
    {
      "test_id": "nc_charlotte_001",
      "address": "600 E 4th St, Charlotte, NC 28202",
      "city": "Charlotte",
      "county": "Mecklenburg",
      "state": "NC",
      "zip_code": "28202",
      "lat": 35.2271,
      "lon": -80.8431,
      "expected_electric": "Duke Energy Carolinas",
      "expected_gas": "Piedmont Natural Gas",
      "notes": "Duke Energy territory"
    },
    {
      "test_id": "nc_raleigh_001",
      "address": "1 E Edenton St, Raleigh, NC 27601",
      "city": "Raleigh",
      "county": "Wake",
      "state": "NC",
      "zip_code": "27601",
      "lat": 35.7796,
      "lon": -78.6382,
      "expected_electric": "Duke Energy Progress",
      "expected_gas": "PSNC Energy",
      "notes": "Duke Energy Progress territory"
    },
    {
      "test_id": "tn_nashville_001",
      "address": "1 Public Square, Nashville, TN 37201",
      "city": "Nashville",
      "county": "Davidson",
      "state": "TN",
      "zip_code": "37201",
      "lat": 36.1627,
      "lon": -86.7816,
      "expected_electric": "Nashville Electric Service",
      "expected_gas": "Piedmont Natural Gas",
      "notes": "Municipal electric, Piedmont gas - known problem case"
    },
    {
      "test_id": "tn_memphis_001",
      "address": "125 N Main St, Memphis, TN 38103",
      "city": "Memphis",
      "county": "Shelby",
      "state": "TN",
      "zip_code": "38103",
      "lat": 35.1495,
      "lon": -90.0490,
      "expected_electric": "MLGW",
      "expected_gas": "MLGW",
      "notes": "Municipal utility - Memphis Light Gas & Water"
    },
    {
      "test_id": "ca_losangeles_001",
      "address": "200 N Spring St, Los Angeles, CA 90012",
      "city": "Los Angeles",
      "county": "Los Angeles",
      "state": "CA",
      "zip_code": "90012",
      "lat": 34.0537,
      "lon": -118.2428,
      "expected_electric": "LADWP",
      "expected_gas": "Southern California Gas",
      "notes": "Municipal electric, SoCalGas"
    },
    {
      "test_id": "ca_sanfrancisco_001",
      "address": "1 Dr Carlton B Goodlett Pl, San Francisco, CA 94102",
      "city": "San Francisco",
      "county": "San Francisco",
      "state": "CA",
      "zip_code": "94102",
      "lat": 37.7793,
      "lon": -122.4193,
      "expected_electric": "Pacific Gas & Electric",
      "expected_gas": "Pacific Gas & Electric",
      "notes": "PG&E territory"
    },
    {
      "test_id": "ca_sandiego_001",
      "address": "202 C St, San Diego, CA 92101",
      "city": "San Diego",
      "county": "San Diego",
      "state": "CA",
      "zip_code": "92101",
      "lat": 32.7157,
      "lon": -117.1611,
      "expected_electric": "San Diego Gas & Electric",
      "expected_gas": "San Diego Gas & Electric",
      "notes": "SDG&E territory"
    },
    {
      "test_id": "ca_sacramento_001",
      "address": "915 I St, Sacramento, CA 95814",
      "city": "Sacramento",
      "county": "Sacramento",
      "state": "CA",
      "zip_code": "95814",
      "lat": 38.5816,
      "lon": -121.4944,
      "expected_electric": "SMUD",
      "expected_gas": "Pacific Gas & Electric",
      "notes": "Municipal electric (SMUD), PG&E gas"
    },
    {
      "test_id": "ny_newyork_001",
      "address": "City Hall, New York, NY 10007",
      "city": "New York",
      "county": "New York",
      "state": "NY",
      "zip_code": "10007",
      "lat": 40.7128,
      "lon": -74.0060,
      "expected_electric": "Con Edison",
      "expected_gas": "Con Edison",
      "notes": "Con Edison territory"
    },
    {
      "test_id": "ny_buffalo_001",
      "address": "65 Niagara Square, Buffalo, NY 14202",
      "city": "Buffalo",
      "county": "Erie",
      "state": "NY",
      "zip_code": "14202",
      "lat": 42.8864,
      "lon": -78.8784,
      "expected_electric": "National Grid",
      "expected_gas": "National Fuel Gas",
      "notes": "National Grid electric, National Fuel gas"
    },
    {
      "test_id": "il_chicago_001",
      "address": "121 N LaSalle St, Chicago, IL 60602",
      "city": "Chicago",
      "county": "Cook",
      "state": "IL",
      "zip_code": "60602",
      "lat": 41.8819,
      "lon": -87.6278,
      "expected_electric": "Commonwealth Edison",
      "expected_gas": "Peoples Gas",
      "notes": "ComEd electric, Peoples Gas"
    },
    {
      "test_id": "pa_philadelphia_001",
      "address": "1401 JFK Blvd, Philadelphia, PA 19102",
      "city": "Philadelphia",
      "county": "Philadelphia",
      "state": "PA",
      "zip_code": "19102",
      "lat": 39.9526,
      "lon": -75.1652,
      "expected_electric": "PECO",
      "expected_gas": "Philadelphia Gas Works",
      "notes": "PECO electric, PGW gas"
    },
    {
      "test_id": "pa_pittsburgh_001",
      "address": "414 Grant St, Pittsburgh, PA 15219",
      "city": "Pittsburgh",
      "county": "Allegheny",
      "state": "PA",
      "zip_code": "15219",
      "lat": 40.4406,
      "lon": -79.9959,
      "expected_electric": "Duquesne Light",
      "expected_gas": "Peoples Gas",
      "notes": "Duquesne Light electric"
    },
    {
      "test_id": "oh_columbus_001",
      "address": "90 W Broad St, Columbus, OH 43215",
      "city": "Columbus",
      "county": "Franklin",
      "state": "OH",
      "zip_code": "43215",
      "lat": 39.9612,
      "lon": -82.9988,
      "expected_electric": "AEP Ohio",
      "expected_gas": "Columbia Gas",
      "notes": "AEP Ohio territory"
    },
    {
      "test_id": "oh_cleveland_001",
      "address": "601 Lakeside Ave, Cleveland, OH 44114",
      "city": "Cleveland",
      "county": "Cuyahoga",
      "state": "OH",
      "zip_code": "44114",
      "lat": 41.5074,
      "lon": -81.6946,
      "expected_electric": "Cleveland Public Power",
      "expected_gas": "Dominion Energy",
      "notes": "Municipal electric"
    },
    {
      "test_id": "mi_detroit_001",
      "address": "2 Woodward Ave, Detroit, MI 48226",
      "city": "Detroit",
      "county": "Wayne",
      "state": "MI",
      "zip_code": "48226",
      "lat": 42.3314,
      "lon": -83.0458,
      "expected_electric": "DTE Energy",
      "expected_gas": "DTE Energy",
      "notes": "DTE territory"
    },
    {
      "test_id": "az_phoenix_001",
      "address": "200 W Washington St, Phoenix, AZ 85003",
      "city": "Phoenix",
      "county": "Maricopa",
      "state": "AZ",
      "zip_code": "85003",
      "lat": 33.4484,
      "lon": -112.0740,
      "expected_electric": "Arizona Public Service",
      "expected_gas": "Southwest Gas",
      "notes": "APS electric, Southwest Gas"
    },
    {
      "test_id": "az_tucson_001",
      "address": "255 W Alameda St, Tucson, AZ 85701",
      "city": "Tucson",
      "county": "Pima",
      "state": "AZ",
      "zip_code": "85701",
      "lat": 32.2217,
      "lon": -110.9265,
      "expected_electric": "Tucson Electric Power",
      "expected_gas": "Southwest Gas",
      "notes": "TEP electric"
    },
    {
      "test_id": "co_denver_001",
      "address": "1437 Bannock St, Denver, CO 80202",
      "city": "Denver",
      "county": "Denver",
      "state": "CO",
      "zip_code": "80202",
      "lat": 39.7392,
      "lon": -104.9903,
      "expected_electric": "Xcel Energy",
      "expected_gas": "Xcel Energy",
      "notes": "Xcel Energy territory"
    },
    {
      "test_id": "wa_seattle_001",
      "address": "600 4th Ave, Seattle, WA 98104",
      "city": "Seattle",
      "county": "King",
      "state": "WA",
      "zip_code": "98104",
      "lat": 47.6062,
      "lon": -122.3321,
      "expected_electric": "Seattle City Light",
      "expected_gas": "Puget Sound Energy",
      "notes": "Municipal electric"
    },
    {
      "test_id": "or_portland_001",
      "address": "1221 SW 4th Ave, Portland, OR 97204",
      "city": "Portland",
      "county": "Multnomah",
      "state": "OR",
      "zip_code": "97204",
      "lat": 45.5152,
      "lon": -122.6784,
      "expected_electric": "Portland General Electric",
      "expected_gas": "NW Natural",
      "notes": "PGE electric, NW Natural gas"
    },
    {
      "test_id": "nv_lasvegas_001",
      "address": "495 S Main St, Las Vegas, NV 89101",
      "city": "Las Vegas",
      "county": "Clark",
      "state": "NV",
      "zip_code": "89101",
      "lat": 36.1699,
      "lon": -115.1398,
      "expected_electric": "NV Energy",
      "expected_gas": "Southwest Gas",
      "notes": "NV Energy electric"
    },
    {
      "test_id": "ma_boston_001",
      "address": "1 City Hall Square, Boston, MA 02201",
      "city": "Boston",
      "county": "Suffolk",
      "state": "MA",
      "zip_code": "02201",
      "lat": 42.3601,
      "lon": -71.0589,
      "expected_electric": "Eversource",
      "expected_gas": "National Grid",
      "notes": "Eversource electric, National Grid gas"
    },
    {
      "test_id": "md_baltimore_001",
      "address": "100 N Holliday St, Baltimore, MD 21202",
      "city": "Baltimore",
      "county": "Baltimore City",
      "state": "MD",
      "zip_code": "21202",
      "lat": 39.2904,
      "lon": -76.6122,
      "expected_electric": "BGE",
      "expected_gas": "BGE",
      "notes": "Baltimore Gas & Electric"
    },
    {
      "test_id": "dc_washington_001",
      "address": "1600 Pennsylvania Ave NW, Washington, DC 20500",
      "city": "Washington",
      "county": "District of Columbia",
      "state": "DC",
      "zip_code": "20500",
      "lat": 38.8977,
      "lon": -77.0365,
      "expected_electric": "Pepco",
      "expected_gas": "Washington Gas",
      "notes": "Pepco electric, Washington Gas"
    },
    {
      "test_id": "va_richmond_001",
      "address": "900 E Broad St, Richmond, VA 23219",
      "city": "Richmond",
      "county": "Richmond City",
      "state": "VA",
      "zip_code": "23219",
      "lat": 37.5407,
      "lon": -77.4360,
      "expected_electric": "Dominion Energy",
      "expected_gas": "Virginia Natural Gas",
      "notes": "Dominion Energy territory"
    },
    {
      "test_id": "sc_charleston_001",
      "address": "80 Broad St, Charleston, SC 29401",
      "city": "Charleston",
      "county": "Charleston",
      "state": "SC",
      "zip_code": "29401",
      "lat": 32.7765,
      "lon": -79.9311,
      "expected_electric": "Dominion Energy South Carolina",
      "expected_gas": "Dominion Energy",
      "notes": "Dominion Energy SC"
    },
    {
      "test_id": "la_neworleans_001",
      "address": "1300 Perdido St, New Orleans, LA 70112",
      "city": "New Orleans",
      "county": "Orleans",
      "state": "LA",
      "zip_code": "70112",
      "lat": 29.9511,
      "lon": -90.0715,
      "expected_electric": "Entergy New Orleans",
      "expected_gas": "Entergy New Orleans",
      "notes": "Entergy territory"
    },
    {
      "test_id": "al_birmingham_001",
      "address": "710 N 20th St, Birmingham, AL 35203",
      "city": "Birmingham",
      "county": "Jefferson",
      "state": "AL",
      "zip_code": "35203",
      "lat": 33.5186,
      "lon": -86.8104,
      "expected_electric": "Alabama Power",
      "expected_gas": "Spire",
      "notes": "Alabama Power territory"
    },
    {
      "test_id": "ms_jackson_001",
      "address": "219 S President St, Jackson, MS 39201",
      "city": "Jackson",
      "county": "Hinds",
      "state": "MS",
      "zip_code": "39201",
      "lat": 32.2988,
      "lon": -90.1848,
      "expected_electric": "Entergy Mississippi",
      "expected_gas": "Atmos Energy",
      "notes": "Entergy Mississippi territory"
    },
    {
      "test_id": "ar_littlerock_001",
      "address": "500 W Markham St, Little Rock, AR 72201",
      "city": "Little Rock",
      "county": "Pulaski",
      "state": "AR",
      "zip_code": "72201",
      "lat": 34.7465,
      "lon": -92.2896,
      "expected_electric": "Entergy Arkansas",
      "expected_gas": "CenterPoint Energy",
      "notes": "Entergy Arkansas territory"
    },
    {
      "test_id": "ok_oklahomacity_001",
      "address": "200 N Walker Ave, Oklahoma City, OK 73102",
      "city": "Oklahoma City",
      "county": "Oklahoma",
      "state": "OK",
      "zip_code": "73102",
      "lat": 35.4676,
      "lon": -97.5164,
      "expected_electric": "OG&E",
      "expected_gas": "Oklahoma Natural Gas",
      "notes": "OG&E territory"
    },
    {
      "test_id": "ks_wichita_001",
      "address": "455 N Main St, Wichita, KS 67202",
      "city": "Wichita",
      "county": "Sedgwick",
      "state": "KS",
      "zip_code": "67202",
      "lat": 37.6872,
      "lon": -97.3301,
      "expected_electric": "Evergy",
      "expected_gas": "Kansas Gas Service",
      "notes": "Evergy territory"
    },
    {
      "test_id": "mo_kansascity_001",
      "address": "414 E 12th St, Kansas City, MO 64106",
      "city": "Kansas City",
      "county": "Jackson",
      "state": "MO",
      "zip_code": "64106",
      "lat": 39.0997,
      "lon": -94.5786,
      "expected_electric": "Evergy",
      "expected_gas": "Spire",
      "notes": "Evergy territory"
    },
    {
      "test_id": "mo_stlouis_001",
      "address": "1200 Market St, St. Louis, MO 63103",
      "city": "St. Louis",
      "county": "St. Louis City",
      "state": "MO",
      "zip_code": "63103",
      "lat": 38.6270,
      "lon": -90.1994,
      "expected_electric": "Ameren Missouri",
      "expected_gas": "Spire",
      "notes": "Ameren Missouri territory"
    },
    {
      "test_id": "mn_minneapolis_001",
      "address": "350 S 5th St, Minneapolis, MN 55415",
      "city": "Minneapolis",
      "county": "Hennepin",
      "state": "MN",
      "zip_code": "55415",
      "lat": 44.9778,
      "lon": -93.2650,
      "expected_electric": "Xcel Energy",
      "expected_gas": "CenterPoint Energy",
      "notes": "Xcel Energy territory"
    },
    {
      "test_id": "wi_milwaukee_001",
      "address": "200 E Wells St, Milwaukee, WI 53202",
      "city": "Milwaukee",
      "county": "Milwaukee",
      "state": "WI",
      "zip_code": "53202",
      "lat": 43.0389,
      "lon": -87.9065,
      "expected_electric": "We Energies",
      "expected_gas": "We Energies",
      "notes": "We Energies territory"
    },
    {
      "test_id": "in_indianapolis_001",
      "address": "200 E Washington St, Indianapolis, IN 46204",
      "city": "Indianapolis",
      "county": "Marion",
      "state": "IN",
      "zip_code": "46204",
      "lat": 39.7684,
      "lon": -86.1581,
      "expected_electric": "AES Indiana",
      "expected_gas": "CenterPoint Energy",
      "notes": "AES Indiana (formerly IPL)"
    },
    {
      "test_id": "ky_louisville_001",
      "address": "601 W Jefferson St, Louisville, KY 40202",
      "city": "Louisville",
      "county": "Jefferson",
      "state": "KY",
      "zip_code": "40202",
      "lat": 38.2527,
      "lon": -85.7585,
      "expected_electric": "LG&E",
      "expected_gas": "LG&E",
      "notes": "LG&E territory"
    },
    {
      "test_id": "nj_newark_001",
      "address": "920 Broad St, Newark, NJ 07102",
      "city": "Newark",
      "county": "Essex",
      "state": "NJ",
      "zip_code": "07102",
      "lat": 40.7357,
      "lon": -74.1724,
      "expected_electric": "PSE&G",
      "expected_gas": "PSE&G",
      "notes": "PSE&G territory"
    },
    {
      "test_id": "ct_hartford_001",
      "address": "550 Main St, Hartford, CT 06103",
      "city": "Hartford",
      "county": "Hartford",
      "state": "CT",
      "zip_code": "06103",
      "lat": 41.7658,
      "lon": -72.6734,
      "expected_electric": "Eversource",
      "expected_gas": "Eversource",
      "notes": "Eversource territory"
    },
    {
      "test_id": "ri_providence_001",
      "address": "25 Dorrance St, Providence, RI 02903",
      "city": "Providence",
      "county": "Providence",
      "state": "RI",
      "zip_code": "02903",
      "lat": 41.8240,
      "lon": -71.4128,
      "expected_electric": "Rhode Island Energy",
      "expected_gas": "Rhode Island Energy",
      "notes": "Rhode Island Energy (formerly National Grid)"
    },
    {
      "test_id": "de_wilmington_001",
      "address": "800 N French St, Wilmington, DE 19801",
      "city": "Wilmington",
      "county": "New Castle",
      "state": "DE",
      "zip_code": "19801",
      "lat": 39.7391,
      "lon": -75.5398,
      "expected_electric": "Delmarva Power",
      "expected_gas": "Delmarva Power",
      "notes": "Delmarva Power territory"
    },
    {
      "test_id": "nh_manchester_001",
      "address": "1 City Hall Plaza, Manchester, NH 03101",
      "city": "Manchester",
      "county": "Hillsborough",
      "state": "NH",
      "zip_code": "03101",
      "lat": 42.9956,
      "lon": -71.4548,
      "expected_electric": "Eversource",
      "expected_gas": "Liberty Utilities",
      "notes": "Eversource electric"
    },
    {
      "test_id": "vt_burlington_001",
      "address": "149 Church St, Burlington, VT 05401",
      "city": "Burlington",
      "county": "Chittenden",
      "state": "VT",
      "zip_code": "05401",
      "lat": 44.4759,
      "lon": -73.2121,
      "expected_electric": "Burlington Electric Department",
      "expected_gas": "Vermont Gas Systems",
      "notes": "Municipal electric"
    },
    {
      "test_id": "me_portland_001",
      "address": "389 Congress St, Portland, ME 04101",
      "city": "Portland",
      "county": "Cumberland",
      "state": "ME",
      "zip_code": "04101",
      "lat": 43.6591,
      "lon": -70.2568,
      "expected_electric": "Versant Power",
      "expected_gas": null,
      "notes": "Limited gas service in Maine"
    },
    {
      "test_id": "wv_charleston_001",
      "address": "1900 Kanawha Blvd E, Charleston, WV 25305",
      "city": "Charleston",
      "county": "Kanawha",
      "state": "WV",
      "zip_code": "25305",
      "lat": 38.3498,
      "lon": -81.6326,
      "expected_electric": "Appalachian Power",
      "expected_gas": "Mountaineer Gas",
      "notes": "Appalachian Power territory"
    },
    {
      "test_id": "nm_albuquerque_001",
      "address": "1 Civic Plaza NW, Albuquerque, NM 87102",
      "city": "Albuquerque",
      "county": "Bernalillo",
      "state": "NM",
      "zip_code": "87102",
      "lat": 35.0844,
      "lon": -106.6504,
      "expected_electric": "PNM",
      "expected_gas": "New Mexico Gas Company",
      "notes": "PNM electric"
    },
    {
      "test_id": "ut_saltlakecity_001",
      "address": "451 S State St, Salt Lake City, UT 84111",
      "city": "Salt Lake City",
      "county": "Salt Lake",
      "state": "UT",
      "zip_code": "84111",
      "lat": 40.7608,
      "lon": -111.8910,
      "expected_electric": "Rocky Mountain Power",
      "expected_gas": "Dominion Energy",
      "notes": "Rocky Mountain Power territory"
    },
    {
      "test_id": "id_boise_001",
      "address": "150 N Capitol Blvd, Boise, ID 83702",
      "city": "Boise",
      "county": "Ada",
      "state": "ID",
      "zip_code": "83702",
      "lat": 43.6150,
      "lon": -116.2023,
      "expected_electric": "Idaho Power",
      "expected_gas": "Intermountain Gas",
      "notes": "Idaho Power territory"
    },
    {
      "test_id": "mt_billings_001",
      "address": "210 N 27th St, Billings, MT 59101",
      "city": "Billings",
      "county": "Yellowstone",
      "state": "MT",
      "zip_code": "59101",
      "lat": 45.7833,
      "lon": -108.5007,
      "expected_electric": "NorthWestern Energy",
      "expected_gas": "NorthWestern Energy",
      "notes": "NorthWestern Energy territory"
    },
    {
      "test_id": "wy_cheyenne_001",
      "address": "2101 O'Neil Ave, Cheyenne, WY 82001",
      "city": "Cheyenne",
      "county": "Laramie",
      "state": "WY",
      "zip_code": "82001",
      "lat": 41.1400,
      "lon": -104.8202,
      "expected_electric": "Black Hills Energy",
      "expected_gas": "Black Hills Energy",
      "notes": "Black Hills Energy territory"
    },
    {
      "test_id": "nd_fargo_001",
      "address": "225 4th St N, Fargo, ND 58102",
      "city": "Fargo",
      "county": "Cass",
      "state": "ND",
      "zip_code": "58102",
      "lat": 46.8772,
      "lon": -96.7898,
      "expected_electric": "Xcel Energy",
      "expected_gas": "Xcel Energy",
      "notes": "Xcel Energy territory"
    },
    {
      "test_id": "sd_siouxfalls_001",
      "address": "224 W 9th St, Sioux Falls, SD 57104",
      "city": "Sioux Falls",
      "county": "Minnehaha",
      "state": "SD",
      "zip_code": "57104",
      "lat": 43.5460,
      "lon": -96.7313,
      "expected_electric": "Xcel Energy",
      "expected_gas": "MidAmerican Energy",
      "notes": "Xcel Energy territory"
    },
    {
      "test_id": "ne_omaha_001",
      "address": "1819 Farnam St, Omaha, NE 68183",
      "city": "Omaha",
      "county": "Douglas",
      "state": "NE",
      "zip_code": "68183",
      "lat": 41.2565,
      "lon": -95.9345,
      "expected_electric": "OPPD",
      "expected_gas": "Black Hills Energy",
      "notes": "Omaha Public Power District"
    },
    {
      "test_id": "ia_desmoines_001",
      "address": "400 Robert D Ray Dr, Des Moines, IA 50309",
      "city": "Des Moines",
      "county": "Polk",
      "state": "IA",
      "zip_code": "50309",
      "lat": 41.5868,
      "lon": -93.6250,
      "expected_electric": "MidAmerican Energy",
      "expected_gas": "MidAmerican Energy",
      "notes": "MidAmerican Energy territory"
    },
    {
      "test_id": "hi_honolulu_001",
      "address": "530 S King St, Honolulu, HI 96813",
      "city": "Honolulu",
      "county": "Honolulu",
      "state": "HI",
      "zip_code": "96813",
      "lat": 21.3069,
      "lon": -157.8583,
      "expected_electric": "Hawaiian Electric",
      "expected_gas": "Hawaii Gas",
      "notes": "Hawaiian Electric territory"
    },
    {
      "test_id": "ak_anchorage_001",
      "address": "632 W 6th Ave, Anchorage, AK 99501",
      "city": "Anchorage",
      "county": "Anchorage",
      "state": "AK",
      "zip_code": "99501",
      "lat": 61.2181,
      "lon": -149.9003,
      "expected_electric": "Chugach Electric",
      "expected_gas": "ENSTAR Natural Gas",
      "notes": "Chugach Electric territory"
    }
  ]
}
