[
  {
    "district_id": "AZ-DWID-001",
    "name": "EPCOR Water Arizona",
    "state": "AZ",
    "county": "Maricopa",
    "type": "Water Utility",
    "services": ["water", "sewer"],
    "contact": {
      "phone": "800-383-0834",
      "website": "https://www.epcor.com"
    },
    "zip_codes": ["85022", "85023", "85024", "85027", "85029", "85050", "85051", "85053", "85054", "85083", "85085", "85086", "85087", "85118", "85119", "85120", "85121", "85122", "85128", "85131", "85132", "85137", "85138", "85139", "85140", "85141", "85142", "85143", "85145", "85147", "85172", "85173", "85178", "85193", "85194", "85212", "85224", "85225", "85226", "85233", "85234", "85248", "85249", "85286", "85295", "85296", "85297", "85298"],
    "data_source": "AZ Corporation Commission",
    "last_updated": "2026-01-11"
  },
  {
    "district_id": "AZ-DWID-002",
    "name": "Arizona Water Company",
    "state": "AZ",
    "county": "Maricopa",
    "type": "Water Utility",
    "services": ["water", "sewer"],
    "contact": {
      "phone": "800-383-0834",
      "website": "https://www.azwater.com"
    },
    "zip_codes": ["85003", "85004", "85006", "85007", "85008", "85009", "85012", "85013", "85014", "85015", "85016", "85017", "85018", "85019", "85020", "85021", "85028", "85031", "85032", "85033", "85034", "85035", "85037", "85040", "85041", "85042", "85043", "85044", "85045", "85048", "85201", "85202", "85203", "85204", "85205", "85206", "85207", "85208", "85209", "85210", "85212", "85213", "85215", "85224", "85225", "85226", "85233", "85234", "85248", "85249", "85281", "85282", "85283", "85284"],
    "data_source": "AZ Corporation Commission",
    "last_updated": "2026-01-11"
  },
  {
    "district_id": "AZ-DWID-003",
    "name": "Queen Creek Water",
    "state": "AZ",
    "county": "Maricopa",
    "type": "Municipal Water",
    "services": ["water", "sewer"],
    "contact": {
      "phone": "480-358-3425",
      "website": "https://www.queencreek.org/water"
    },
    "zip_codes": ["85140", "85142", "85212", "85242", "85286", "85297", "85298"],
    "data_source": "AZ Corporation Commission",
    "last_updated": "2026-01-11"
  },
  {
    "district_id": "AZ-DWID-004",
    "name": "Gilbert Water",
    "state": "AZ",
    "county": "Maricopa",
    "type": "Municipal Water",
    "services": ["water", "sewer"],
    "contact": {
      "phone": "480-503-6800",
      "website": "https://www.gilbertaz.gov/water"
    },
    "zip_codes": ["85204", "85206", "85209", "85212", "85233", "85234", "85295", "85296", "85297", "85298"],
    "data_source": "AZ Corporation Commission",
    "last_updated": "2026-01-11"
  },
  {
    "district_id": "AZ-DWID-005",
    "name": "Chandler Water",
    "state": "AZ",
    "county": "Maricopa",
    "type": "Municipal Water",
    "services": ["water", "sewer"],
    "contact": {
      "phone": "480-782-3000",
      "website": "https://www.chandleraz.gov/water"
    },
    "zip_codes": ["85224", "85225", "85226", "85248", "85249", "85286"],
    "data_source": "AZ Corporation Commission",
    "last_updated": "2026-01-11"
  },
  {
    "district_id": "AZ-DWID-006",
    "name": "Scottsdale Water",
    "state": "AZ",
    "county": "Maricopa",
    "type": "Municipal Water",
    "services": ["water", "sewer"],
    "contact": {
      "phone": "480-312-5650",
      "website": "https://www.scottsdaleaz.gov/water"
    },
    "zip_codes": ["85250", "85251", "85252", "85253", "85254", "85255", "85256", "85257", "85258", "85259", "85260", "85261", "85262", "85266", "85267", "85268", "85271"],
    "data_source": "AZ Corporation Commission",
    "last_updated": "2026-01-11"
  },
  {
    "district_id": "AZ-DWID-007",
    "name": "Tempe Water",
    "state": "AZ",
    "county": "Maricopa",
    "type": "Municipal Water",
    "services": ["water", "sewer"],
    "contact": {
      "phone": "480-350-2660",
      "website": "https://www.tempe.gov/water"
    },
    "zip_codes": ["85281", "85282", "85283", "85284", "85285", "85287"],
    "data_source": "AZ Corporation Commission",
    "last_updated": "2026-01-11"
  },
  {
    "district_id": "AZ-DWID-008",
    "name": "Glendale Water",
    "state": "AZ",
    "county": "Maricopa",
    "type": "Municipal Water",
    "services": ["water", "sewer"],
    "contact": {
      "phone": "623-930-3580",
      "website": "https://www.glendaleaz.com/water"
    },
    "zip_codes": ["85301", "85302", "85303", "85304", "85305", "85306", "85307", "85308", "85310", "85311", "85312", "85318"],
    "data_source": "AZ Corporation Commission",
    "last_updated": "2026-01-11"
  },
  {
    "district_id": "AZ-DWID-009",
    "name": "Peoria Water",
    "state": "AZ",
    "county": "Maricopa",
    "type": "Municipal Water",
    "services": ["water", "sewer"],
    "contact": {
      "phone": "623-773-7160",
      "website": "https://www.peoriaaz.gov/water"
    },
    "zip_codes": ["85345", "85380", "85381", "85382", "85383"],
    "data_source": "AZ Corporation Commission",
    "last_updated": "2026-01-11"
  },
  {
    "district_id": "AZ-DWID-010",
    "name": "Surprise Water",
    "state": "AZ",
    "county": "Maricopa",
    "type": "Municipal Water",
    "services": ["water", "sewer"],
    "contact": {
      "phone": "623-222-1000",
      "website": "https://www.surpriseaz.gov/water"
    },
    "zip_codes": ["85374", "85378", "85379", "85387", "85388"],
    "data_source": "AZ Corporation Commission",
    "last_updated": "2026-01-11"
  },
  {
    "district_id": "AZ-DWID-011",
    "name": "Pima County Regional Wastewater",
    "state": "AZ",
    "county": "Pima",
    "type": "Wastewater District",
    "services": ["sewer"],
    "contact": {
      "phone": "520-724-6600",
      "website": "https://www.pima.gov/wastewater"
    },
    "zip_codes": ["85701", "85702", "85704", "85705", "85706", "85707", "85708", "85710", "85711", "85712", "85713", "85714", "85715", "85716", "85718", "85719", "85730", "85735", "85736", "85737", "85739", "85741", "85742", "85743", "85745", "85746", "85747", "85748", "85749", "85750", "85755", "85756", "85757"],
    "data_source": "AZ Corporation Commission",
    "last_updated": "2026-01-11"
  },
  {
    "district_id": "AZ-DWID-012",
    "name": "Oro Valley Water",
    "state": "AZ",
    "county": "Pima",
    "type": "Municipal Water",
    "services": ["water"],
    "contact": {
      "phone": "520-229-4850",
      "website": "https://www.orovalleyaz.gov/water"
    },
    "zip_codes": ["85704", "85737", "85739", "85755"],
    "data_source": "AZ Corporation Commission",
    "last_updated": "2026-01-11"
  },
  {
    "district_id": "AZ-DWID-013",
    "name": "Marana Water",
    "state": "AZ",
    "county": "Pima",
    "type": "Municipal Water",
    "services": ["water", "sewer"],
    "contact": {
      "phone": "520-382-1900",
      "website": "https://www.maranaaz.gov/water"
    },
    "zip_codes": ["85653", "85658", "85741", "85742", "85743"],
    "data_source": "AZ Corporation Commission",
    "last_updated": "2026-01-11"
  },
  {
    "district_id": "AZ-DWID-014",
    "name": "Sahuarita Water",
    "state": "AZ",
    "county": "Pima",
    "type": "Municipal Water",
    "services": ["water", "sewer"],
    "contact": {
      "phone": "520-822-8848",
      "website": "https://www.sahuaritaaz.gov/water"
    },
    "zip_codes": ["85614", "85629", "85736", "85746", "85756", "85757"],
    "data_source": "AZ Corporation Commission",
    "last_updated": "2026-01-11"
  },
  {
    "district_id": "AZ-DWID-015",
    "name": "Buckeye Water",
    "state": "AZ",
    "county": "Maricopa",
    "type": "Municipal Water",
    "services": ["water", "sewer"],
    "contact": {
      "phone": "623-349-6000",
      "website": "https://www.buckeyeaz.gov/water"
    },
    "zip_codes": ["85326", "85338", "85396"],
    "data_source": "AZ Corporation Commission",
    "last_updated": "2026-01-11"
  }
]
