{
  "_metadata": {
    "description": "County-level utility defaults for rural areas where point-in-polygon fails",
    "last_updated": "2026-01-14",
    "source": "EIA Form 861, state PUC data",
    "note": "Used as fallback when HIFLD boundary lookup returns no result"
  },
  "electric": {
    "TX": {
      "TRAVIS": {"name": "Austin Energy", "phone": "512-494-9400", "website": "https://austinenergy.com"},
      "HARRIS": {"name": "CenterPoint Energy", "phone": "713-207-2222", "website": "https://www.centerpointenergy.com"},
      "DALLAS": {"name": "Oncor (delivery)", "phone": "888-313-4747", "website": "https://www.oncor.com", "note": "Deregulated - Oncor delivers, customer chooses retailer"},
      "BEXAR": {"name": "CPS Energy", "phone": "210-353-2222", "website": "https://cpsenergy.com"},
      "TARRANT": {"name": "Oncor (delivery)", "phone": "888-313-4747", "website": "https://www.oncor.com"},
      "COLLIN": {"name": "Oncor (delivery)", "phone": "888-313-4747", "website": "https://www.oncor.com"},
      "HAYS": {"name": "Pedernales Electric Cooperative", "phone": "888-554-4732", "website": "https://www.pec.coop"},
      "WILLIAMSON": {"name": "Oncor (delivery)", "phone": "888-313-4747", "website": "https://www.oncor.com"},
      "DENTON": {"name": "CoServ Electric", "phone": "940-321-7800", "website": "https://www.coserv.com"},
      "FORT BEND": {"name": "CenterPoint Energy", "phone": "713-207-2222", "website": "https://www.centerpointenergy.com"},
      "MONTGOMERY": {"name": "Entergy Texas", "phone": "800-368-3749", "website": "https://www.entergy.com"},
      "BRAZORIA": {"name": "CenterPoint Energy", "phone": "713-207-2222", "website": "https://www.centerpointenergy.com"},
      "GALVESTON": {"name": "CenterPoint Energy", "phone": "713-207-2222", "website": "https://www.centerpointenergy.com"},
      "NUECES": {"name": "AEP Texas", "phone": "877-373-4858", "website": "https://www.aeptexas.com"},
      "EL PASO": {"name": "El Paso Electric", "phone": "915-543-5711", "website": "https://www.epelectric.com"},
      "HIDALGO": {"name": "AEP Texas", "phone": "877-373-4858", "website": "https://www.aeptexas.com"},
      "CAMERON": {"name": "AEP Texas", "phone": "877-373-4858", "website": "https://www.aeptexas.com"},
      "WEBB": {"name": "AEP Texas", "phone": "877-373-4858", "website": "https://www.aeptexas.com"},
      "LUBBOCK": {"name": "Lubbock Power & Light", "phone": "806-775-2509", "website": "https://www.lpandl.com"},
      "MCLENNAN": {"name": "Oncor (delivery)", "phone": "888-313-4747", "website": "https://www.oncor.com"},
      "BELL": {"name": "Oncor (delivery)", "phone": "888-313-4747", "website": "https://www.oncor.com"},
      "SMITH": {"name": "Oncor (delivery)", "phone": "888-313-4747", "website": "https://www.oncor.com"},
      "BRAZOS": {"name": "Bryan Texas Utilities", "phone": "979-821-5700", "website": "https://www.btutilities.com"},
      "ECTOR": {"name": "Oncor (delivery)", "phone": "888-313-4747", "website": "https://www.oncor.com"},
      "MIDLAND": {"name": "Oncor (delivery)", "phone": "888-313-4747", "website": "https://www.oncor.com"},
      "JEFFERSON": {"name": "Entergy Texas", "phone": "800-368-3749", "website": "https://www.entergy.com"},
      "POTTER": {"name": "Xcel Energy", "phone": "800-895-4999", "website": "https://www.xcelenergy.com"},
      "RANDALL": {"name": "Xcel Energy", "phone": "800-895-4999", "website": "https://www.xcelenergy.com"},
      "TOM GREEN": {"name": "AEP Texas", "phone": "877-373-4858", "website": "https://www.aeptexas.com"},
      "TAYLOR": {"name": "AEP Texas", "phone": "877-373-4858", "website": "https://www.aeptexas.com"},
      "WICHITA": {"name": "Oncor (delivery)", "phone": "888-313-4747", "website": "https://www.oncor.com"},
      "GREGG": {"name": "SWEPCO", "phone": "888-216-3523", "website": "https://www.swepco.com"},
      "GUADALUPE": {"name": "GVEC", "phone": "800-223-4832", "website": "https://www.gvec.org"},
      "COMAL": {"name": "New Braunfels Utilities", "phone": "830-608-8900", "website": "https://www.nbutexas.com"},
      "BASTROP": {"name": "Bluebonnet Electric Cooperative", "phone": "800-842-7708", "website": "https://www.bluebonnet.coop"},
      "CALDWELL": {"name": "Bluebonnet Electric Cooperative", "phone": "800-842-7708", "website": "https://www.bluebonnet.coop"},
      "BLANCO": {"name": "Pedernales Electric Cooperative", "phone": "888-554-4732", "website": "https://www.pec.coop"},
      "BURNET": {"name": "Pedernales Electric Cooperative", "phone": "888-554-4732", "website": "https://www.pec.coop"},
      "GILLESPIE": {"name": "Pedernales Electric Cooperative", "phone": "888-554-4732", "website": "https://www.pec.coop"},
      "KENDALL": {"name": "Pedernales Electric Cooperative", "phone": "888-554-4732", "website": "https://www.pec.coop"},
      "KERR": {"name": "Kerrville Public Utility Board", "phone": "830-257-3050", "website": "https://www.kpub.com"},
      "LLANO": {"name": "Pedernales Electric Cooperative", "phone": "888-554-4732", "website": "https://www.pec.coop"}
    },
    "CA": {
      "LOS ANGELES": {"name": "Southern California Edison", "phone": "800-655-4555", "website": "https://www.sce.com", "note": "LADWP serves City of LA"},
      "SAN DIEGO": {"name": "San Diego Gas & Electric", "phone": "800-411-7343", "website": "https://www.sdge.com"},
      "ORANGE": {"name": "Southern California Edison", "phone": "800-655-4555", "website": "https://www.sce.com"},
      "RIVERSIDE": {"name": "Southern California Edison", "phone": "800-655-4555", "website": "https://www.sce.com"},
      "SAN BERNARDINO": {"name": "Southern California Edison", "phone": "800-655-4555", "website": "https://www.sce.com"},
      "SANTA CLARA": {"name": "PG&E", "phone": "800-743-5000", "website": "https://www.pge.com"},
      "ALAMEDA": {"name": "PG&E", "phone": "800-743-5000", "website": "https://www.pge.com"},
      "SACRAMENTO": {"name": "SMUD", "phone": "888-742-7683", "website": "https://www.smud.org"},
      "CONTRA COSTA": {"name": "PG&E", "phone": "800-743-5000", "website": "https://www.pge.com"},
      "FRESNO": {"name": "PG&E", "phone": "800-743-5000", "website": "https://www.pge.com"},
      "KERN": {"name": "PG&E", "phone": "800-743-5000", "website": "https://www.pge.com"},
      "SAN FRANCISCO": {"name": "PG&E", "phone": "800-743-5000", "website": "https://www.pge.com"},
      "VENTURA": {"name": "Southern California Edison", "phone": "800-655-4555", "website": "https://www.sce.com"},
      "SAN MATEO": {"name": "PG&E", "phone": "800-743-5000", "website": "https://www.pge.com"},
      "SAN JOAQUIN": {"name": "PG&E", "phone": "800-743-5000", "website": "https://www.pge.com"},
      "STANISLAUS": {"name": "PG&E", "phone": "800-743-5000", "website": "https://www.pge.com"},
      "SONOMA": {"name": "PG&E", "phone": "800-743-5000", "website": "https://www.pge.com"},
      "TULARE": {"name": "Southern California Edison", "phone": "800-655-4555", "website": "https://www.sce.com"},
      "SANTA BARBARA": {"name": "Southern California Edison", "phone": "800-655-4555", "website": "https://www.sce.com"},
      "SOLANO": {"name": "PG&E", "phone": "800-743-5000", "website": "https://www.pge.com"},
      "MONTEREY": {"name": "PG&E", "phone": "800-743-5000", "website": "https://www.pge.com"},
      "PLACER": {"name": "PG&E", "phone": "800-743-5000", "website": "https://www.pge.com"},
      "SAN LUIS OBISPO": {"name": "PG&E", "phone": "800-743-5000", "website": "https://www.pge.com"},
      "SANTA CRUZ": {"name": "PG&E", "phone": "800-743-5000", "website": "https://www.pge.com"},
      "MARIN": {"name": "PG&E", "phone": "800-743-5000", "website": "https://www.pge.com"},
      "YOLO": {"name": "PG&E", "phone": "800-743-5000", "website": "https://www.pge.com"},
      "EL DORADO": {"name": "PG&E", "phone": "800-743-5000", "website": "https://www.pge.com"},
      "IMPERIAL": {"name": "Imperial Irrigation District", "phone": "800-303-7756", "website": "https://www.iid.com"},
      "SHASTA": {"name": "PG&E", "phone": "800-743-5000", "website": "https://www.pge.com"},
      "BUTTE": {"name": "PG&E", "phone": "800-743-5000", "website": "https://www.pge.com"},
      "HUMBOLDT": {"name": "PG&E", "phone": "800-743-5000", "website": "https://www.pge.com"},
      "NAPA": {"name": "PG&E", "phone": "800-743-5000", "website": "https://www.pge.com"},
      "NEVADA": {"name": "PG&E", "phone": "800-743-5000", "website": "https://www.pge.com"},
      "MENDOCINO": {"name": "PG&E", "phone": "800-743-5000", "website": "https://www.pge.com"}
    },
    "FL": {
      "MIAMI-DADE": {"name": "Florida Power & Light", "phone": "800-468-8243", "website": "https://www.fpl.com"},
      "BROWARD": {"name": "Florida Power & Light", "phone": "800-468-8243", "website": "https://www.fpl.com"},
      "PALM BEACH": {"name": "Florida Power & Light", "phone": "800-468-8243", "website": "https://www.fpl.com"},
      "HILLSBOROUGH": {"name": "Tampa Electric", "phone": "813-223-0800", "website": "https://www.tampaelectric.com"},
      "ORANGE": {"name": "OUC / Duke Energy", "phone": "407-423-9018", "website": "https://www.ouc.com"},
      "PINELLAS": {"name": "Duke Energy Florida", "phone": "800-700-8744", "website": "https://www.duke-energy.com"},
      "DUVAL": {"name": "JEA", "phone": "904-665-6000", "website": "https://www.jea.com"},
      "LEE": {"name": "Florida Power & Light", "phone": "800-468-8243", "website": "https://www.fpl.com"},
      "POLK": {"name": "Duke Energy Florida", "phone": "800-700-8744", "website": "https://www.duke-energy.com"},
      "BREVARD": {"name": "Florida Power & Light", "phone": "800-468-8243", "website": "https://www.fpl.com"},
      "VOLUSIA": {"name": "Florida Power & Light", "phone": "800-468-8243", "website": "https://www.fpl.com"},
      "PASCO": {"name": "Duke Energy Florida", "phone": "800-700-8744", "website": "https://www.duke-energy.com"},
      "SEMINOLE": {"name": "Duke Energy Florida", "phone": "800-700-8744", "website": "https://www.duke-energy.com"},
      "SARASOTA": {"name": "Florida Power & Light", "phone": "800-468-8243", "website": "https://www.fpl.com"},
      "MANATEE": {"name": "Florida Power & Light", "phone": "800-468-8243", "website": "https://www.fpl.com"},
      "COLLIER": {"name": "Florida Power & Light", "phone": "800-468-8243", "website": "https://www.fpl.com"},
      "MARION": {"name": "Duke Energy Florida", "phone": "800-700-8744", "website": "https://www.duke-energy.com"},
      "ESCAMBIA": {"name": "Gulf Power", "phone": "800-225-5797", "website": "https://www.gulfpower.com"},
      "LEON": {"name": "City of Tallahassee Utilities", "phone": "850-891-4968", "website": "https://www.talgov.com"},
      "ALACHUA": {"name": "Gainesville Regional Utilities", "phone": "352-334-3434", "website": "https://www.gru.com"},
      "OSCEOLA": {"name": "OUC / Kissimmee Utility Authority", "phone": "407-933-7777", "website": "https://www.kua.com"},
      "LAKE": {"name": "Duke Energy Florida", "phone": "800-700-8744", "website": "https://www.duke-energy.com"},
      "ST. LUCIE": {"name": "Florida Power & Light", "phone": "800-468-8243", "website": "https://www.fpl.com"},
      "CLAY": {"name": "Clay Electric Cooperative", "phone": "800-224-4917", "website": "https://www.clayelectric.com"},
      "OKALOOSA": {"name": "Gulf Power", "phone": "800-225-5797", "website": "https://www.gulfpower.com"},
      "HERNANDO": {"name": "Duke Energy Florida", "phone": "800-700-8744", "website": "https://www.duke-energy.com"},
      "CHARLOTTE": {"name": "Florida Power & Light", "phone": "800-468-8243", "website": "https://www.fpl.com"},
      "SANTA ROSA": {"name": "Gulf Power", "phone": "800-225-5797", "website": "https://www.gulfpower.com"},
      "ST. JOHNS": {"name": "Florida Power & Light", "phone": "800-468-8243", "website": "https://www.fpl.com"},
      "MARTIN": {"name": "Florida Power & Light", "phone": "800-468-8243", "website": "https://www.fpl.com"},
      "INDIAN RIVER": {"name": "Florida Power & Light", "phone": "800-468-8243", "website": "https://www.fpl.com"}
    },
    "GA": {
      "FULTON": {"name": "Georgia Power", "phone": "888-660-5890", "website": "https://www.georgiapower.com"},
      "GWINNETT": {"name": "Georgia Power", "phone": "888-660-5890", "website": "https://www.georgiapower.com"},
      "COBB": {"name": "Cobb EMC / Georgia Power", "phone": "770-429-2100", "website": "https://www.cobbemc.com"},
      "DEKALB": {"name": "Georgia Power", "phone": "888-660-5890", "website": "https://www.georgiapower.com"},
      "CHATHAM": {"name": "Georgia Power", "phone": "888-660-5890", "website": "https://www.georgiapower.com"},
      "CLAYTON": {"name": "Georgia Power", "phone": "888-660-5890", "website": "https://www.georgiapower.com"},
      "CHEROKEE": {"name": "Georgia Power", "phone": "888-660-5890", "website": "https://www.georgiapower.com"},
      "FORSYTH": {"name": "Sawnee EMC", "phone": "770-887-2363", "website": "https://www.sawnee.com"},
      "HENRY": {"name": "Georgia Power", "phone": "888-660-5890", "website": "https://www.georgiapower.com"},
      "RICHMOND": {"name": "Georgia Power", "phone": "888-660-5890", "website": "https://www.georgiapower.com"},
      "HALL": {"name": "Jackson EMC", "phone": "706-367-5281", "website": "https://www.jacksonemc.com"},
      "MUSCOGEE": {"name": "Georgia Power", "phone": "888-660-5890", "website": "https://www.georgiapower.com"},
      "BIBB": {"name": "Georgia Power", "phone": "888-660-5890", "website": "https://www.georgiapower.com"},
      "DOUGLAS": {"name": "Georgia Power", "phone": "888-660-5890", "website": "https://www.georgiapower.com"},
      "PAULDING": {"name": "Cobb EMC", "phone": "770-429-2100", "website": "https://www.cobbemc.com"},
      "COWETA": {"name": "Coweta-Fayette EMC", "phone": "770-502-0226", "website": "https://www.utility.org"},
      "FAYETTE": {"name": "Coweta-Fayette EMC", "phone": "770-502-0226", "website": "https://www.utility.org"},
      "BARTOW": {"name": "Georgia Power", "phone": "888-660-5890", "website": "https://www.georgiapower.com"},
      "CARROLL": {"name": "Carroll EMC", "phone": "770-832-3552", "website": "https://www.carrollemc.com"},
      "WALTON": {"name": "Walton EMC", "phone": "770-267-2505", "website": "https://www.waltonemc.com"},
      "JACKSON": {"name": "Jackson EMC", "phone": "706-367-5281", "website": "https://www.jacksonemc.com"},
      "NEWTON": {"name": "Walton EMC", "phone": "770-267-2505", "website": "https://www.waltonemc.com"},
      "ROCKDALE": {"name": "Georgia Power", "phone": "888-660-5890", "website": "https://www.georgiapower.com"},
      "COLUMBIA": {"name": "Georgia Power", "phone": "888-660-5890", "website": "https://www.georgiapower.com"},
      "LOWNDES": {"name": "Georgia Power", "phone": "888-660-5890", "website": "https://www.georgiapower.com"},
      "DOUGHERTY": {"name": "Georgia Power", "phone": "888-660-5890", "website": "https://www.georgiapower.com"},
      "WHITFIELD": {"name": "Georgia Power", "phone": "888-660-5890", "website": "https://www.georgiapower.com"},
      "FLOYD": {"name": "Georgia Power", "phone": "888-660-5890", "website": "https://www.georgiapower.com"},
      "GLYNN": {"name": "Georgia Power", "phone": "888-660-5890", "website": "https://www.georgiapower.com"},
      "CLARKE": {"name": "Georgia Power", "phone": "888-660-5890", "website": "https://www.georgiapower.com"},
      "OCONEE": {"name": "Jackson EMC", "phone": "706-367-5281", "website": "https://www.jacksonemc.com"},
      "BARROW": {"name": "Jackson EMC", "phone": "706-367-5281", "website": "https://www.jacksonemc.com"}
    },
    "NC": {
      "MECKLENBURG": {"name": "Duke Energy Carolinas", "phone": "800-777-9898", "website": "https://www.duke-energy.com"},
      "WAKE": {"name": "Duke Energy Progress", "phone": "800-452-2777", "website": "https://www.duke-energy.com"},
      "GUILFORD": {"name": "Duke Energy Carolinas", "phone": "800-777-9898", "website": "https://www.duke-energy.com"},
      "FORSYTH": {"name": "Duke Energy Carolinas", "phone": "800-777-9898", "website": "https://www.duke-energy.com"},
      "CUMBERLAND": {"name": "Duke Energy Progress", "phone": "800-452-2777", "website": "https://www.duke-energy.com"},
      "DURHAM": {"name": "Duke Energy Progress", "phone": "800-452-2777", "website": "https://www.duke-energy.com"},
      "BUNCOMBE": {"name": "Duke Energy Carolinas", "phone": "800-777-9898", "website": "https://www.duke-energy.com"},
      "GASTON": {"name": "Duke Energy Carolinas", "phone": "800-777-9898", "website": "https://www.duke-energy.com"},
      "NEW HANOVER": {"name": "Duke Energy Progress", "phone": "800-452-2777", "website": "https://www.duke-energy.com"},
      "CABARRUS": {"name": "Duke Energy Carolinas", "phone": "800-777-9898", "website": "https://www.duke-energy.com"},
      "ONSLOW": {"name": "Duke Energy Progress", "phone": "800-452-2777", "website": "https://www.duke-energy.com"},
      "UNION": {"name": "Union Power Cooperative", "phone": "800-922-6840", "website": "https://www.union-power.com"},
      "PITT": {"name": "Duke Energy Progress", "phone": "800-452-2777", "website": "https://www.duke-energy.com"},
      "ROWAN": {"name": "Duke Energy Carolinas", "phone": "800-777-9898", "website": "https://www.duke-energy.com"},
      "DAVIDSON": {"name": "Duke Energy Carolinas", "phone": "800-777-9898", "website": "https://www.duke-energy.com"},
      "CATAWBA": {"name": "Duke Energy Carolinas", "phone": "800-777-9898", "website": "https://www.duke-energy.com"},
      "ALAMANCE": {"name": "Duke Energy Carolinas", "phone": "800-777-9898", "website": "https://www.duke-energy.com"},
      "RANDOLPH": {"name": "Duke Energy Carolinas", "phone": "800-777-9898", "website": "https://www.duke-energy.com"},
      "JOHNSTON": {"name": "Duke Energy Progress", "phone": "800-452-2777", "website": "https://www.duke-energy.com"},
      "IREDELL": {"name": "Duke Energy Carolinas", "phone": "800-777-9898", "website": "https://www.duke-energy.com"},
      "CRAVEN": {"name": "Duke Energy Progress", "phone": "800-452-2777", "website": "https://www.duke-energy.com"},
      "WAYNE": {"name": "Duke Energy Progress", "phone": "800-452-2777", "website": "https://www.duke-energy.com"},
      "HENDERSON": {"name": "Duke Energy Carolinas", "phone": "800-777-9898", "website": "https://www.duke-energy.com"},
      "NASH": {"name": "Duke Energy Progress", "phone": "800-452-2777", "website": "https://www.duke-energy.com"},
      "BRUNSWICK": {"name": "Brunswick Electric", "phone": "800-842-5871", "website": "https://www.bemc.org"},
      "CLEVELAND": {"name": "Duke Energy Carolinas", "phone": "800-777-9898", "website": "https://www.duke-energy.com"},
      "BURKE": {"name": "Duke Energy Carolinas", "phone": "800-777-9898", "website": "https://www.duke-energy.com"},
      "HARNETT": {"name": "Duke Energy Progress", "phone": "800-452-2777", "website": "https://www.duke-energy.com"},
      "MOORE": {"name": "Duke Energy Progress", "phone": "800-452-2777", "website": "https://www.duke-energy.com"},
      "CARTERET": {"name": "Carteret-Craven Electric", "phone": "252-247-3107", "website": "https://www.cfrenc.com"},
      "LINCOLN": {"name": "Duke Energy Carolinas", "phone": "800-777-9898", "website": "https://www.duke-energy.com"},
      "SPARTANBURG": {"name": "Duke Energy Carolinas", "phone": "800-777-9898", "website": "https://www.duke-energy.com"}
    },
    "SC": {
      "GREENVILLE": {"name": "Duke Energy Carolinas", "phone": "800-777-9898", "website": "https://www.duke-energy.com"},
      "RICHLAND": {"name": "Dominion Energy South Carolina", "phone": "800-251-7234", "website": "https://www.dominionenergy.com"},
      "CHARLESTON": {"name": "Dominion Energy South Carolina", "phone": "800-251-7234", "website": "https://www.dominionenergy.com"},
      "HORRY": {"name": "Santee Cooper / Horry Electric", "phone": "843-369-2211", "website": "https://www.horryelectric.com"},
      "SPARTANBURG": {"name": "Duke Energy Carolinas", "phone": "800-777-9898", "website": "https://www.duke-energy.com"},
      "LEXINGTON": {"name": "Dominion Energy South Carolina", "phone": "800-251-7234", "website": "https://www.dominionenergy.com"},
      "YORK": {"name": "Duke Energy Carolinas", "phone": "800-777-9898", "website": "https://www.duke-energy.com"},
      "ANDERSON": {"name": "Duke Energy Carolinas", "phone": "800-777-9898", "website": "https://www.duke-energy.com"},
      "BEAUFORT": {"name": "Dominion Energy South Carolina", "phone": "800-251-7234", "website": "https://www.dominionenergy.com"},
      "BERKELEY": {"name": "Berkeley Electric Cooperative", "phone": "843-572-5454", "website": "https://www.berkeleyelectric.coop"},
      "DORCHESTER": {"name": "Dominion Energy South Carolina", "phone": "800-251-7234", "website": "https://www.dominionenergy.com"},
      "AIKEN": {"name": "Dominion Energy South Carolina", "phone": "800-251-7234", "website": "https://www.dominionenergy.com"},
      "PICKENS": {"name": "Duke Energy Carolinas", "phone": "800-777-9898", "website": "https://www.duke-energy.com"},
      "SUMTER": {"name": "Dominion Energy South Carolina", "phone": "800-251-7234", "website": "https://www.dominionenergy.com"},
      "FLORENCE": {"name": "Duke Energy Progress", "phone": "800-452-2777", "website": "https://www.duke-energy.com"},
      "LANCASTER": {"name": "Duke Energy Carolinas", "phone": "800-777-9898", "website": "https://www.duke-energy.com"},
      "OCONEE": {"name": "Duke Energy Carolinas", "phone": "800-777-9898", "website": "https://www.duke-energy.com"},
      "KERSHAW": {"name": "Dominion Energy South Carolina", "phone": "800-251-7234", "website": "https://www.dominionenergy.com"},
      "DARLINGTON": {"name": "Duke Energy Progress", "phone": "800-452-2777", "website": "https://www.duke-energy.com"},
      "GEORGETOWN": {"name": "Santee Cooper", "phone": "843-761-8000", "website": "https://www.santeecooper.com"},
      "ORANGEBURG": {"name": "Dominion Energy South Carolina", "phone": "800-251-7234", "website": "https://www.dominionenergy.com"},
      "LAURENS": {"name": "Laurens Electric Cooperative", "phone": "864-682-3141", "website": "https://www.laurenselectric.com"},
      "CHEROKEE": {"name": "Duke Energy Carolinas", "phone": "800-777-9898", "website": "https://www.duke-energy.com"},
      "NEWBERRY": {"name": "Newberry Electric Cooperative", "phone": "803-276-1121", "website": "https://www.newberryelectric.com"}
    }
  },
  "gas": {
    "TX": {
      "TRAVIS": {"name": "Texas Gas Service", "phone": "800-700-2443", "website": "https://www.texasgasservice.com"},
      "HARRIS": {"name": "CenterPoint Energy", "phone": "713-659-2111", "website": "https://www.centerpointenergy.com"},
      "DALLAS": {"name": "Atmos Energy", "phone": "888-286-6700", "website": "https://www.atmosenergy.com"},
      "BEXAR": {"name": "CPS Energy", "phone": "210-353-2222", "website": "https://cpsenergy.com"},
      "TARRANT": {"name": "Atmos Energy", "phone": "888-286-6700", "website": "https://www.atmosenergy.com"},
      "COLLIN": {"name": "Atmos Energy", "phone": "888-286-6700", "website": "https://www.atmosenergy.com"},
      "HAYS": {"name": "Texas Gas Service", "phone": "800-700-2443", "website": "https://www.texasgasservice.com"},
      "WILLIAMSON": {"name": "Texas Gas Service", "phone": "800-700-2443", "website": "https://www.texasgasservice.com"},
      "DENTON": {"name": "Atmos Energy", "phone": "888-286-6700", "website": "https://www.atmosenergy.com"},
      "FORT BEND": {"name": "CenterPoint Energy", "phone": "713-659-2111", "website": "https://www.centerpointenergy.com"},
      "MONTGOMERY": {"name": "CenterPoint Energy", "phone": "713-659-2111", "website": "https://www.centerpointenergy.com"},
      "EL PASO": {"name": "Texas Gas Service", "phone": "800-700-2443", "website": "https://www.texasgasservice.com"},
      "LUBBOCK": {"name": "Atmos Energy", "phone": "888-286-6700", "website": "https://www.atmosenergy.com"},
      "MCLENNAN": {"name": "Atmos Energy", "phone": "888-286-6700", "website": "https://www.atmosenergy.com"},
      "BELL": {"name": "Atmos Energy", "phone": "888-286-6700", "website": "https://www.atmosenergy.com"},
      "BRAZOS": {"name": "Atmos Energy", "phone": "888-286-6700", "website": "https://www.atmosenergy.com"},
      "POTTER": {"name": "Xcel Energy", "phone": "800-895-4999", "website": "https://www.xcelenergy.com"},
      "RANDALL": {"name": "Xcel Energy", "phone": "800-895-4999", "website": "https://www.xcelenergy.com"}
    },
    "CA": {
      "LOS ANGELES": {"name": "Southern California Gas", "phone": "800-427-2200", "website": "https://www.socalgas.com"},
      "SAN DIEGO": {"name": "San Diego Gas & Electric", "phone": "800-411-7343", "website": "https://www.sdge.com"},
      "ORANGE": {"name": "Southern California Gas", "phone": "800-427-2200", "website": "https://www.socalgas.com"},
      "RIVERSIDE": {"name": "Southern California Gas", "phone": "800-427-2200", "website": "https://www.socalgas.com"},
      "SAN BERNARDINO": {"name": "Southern California Gas", "phone": "800-427-2200", "website": "https://www.socalgas.com"},
      "SANTA CLARA": {"name": "PG&E", "phone": "800-743-5000", "website": "https://www.pge.com"},
      "ALAMEDA": {"name": "PG&E", "phone": "800-743-5000", "website": "https://www.pge.com"},
      "SACRAMENTO": {"name": "PG&E", "phone": "800-743-5000", "website": "https://www.pge.com"},
      "CONTRA COSTA": {"name": "PG&E", "phone": "800-743-5000", "website": "https://www.pge.com"},
      "FRESNO": {"name": "PG&E", "phone": "800-743-5000", "website": "https://www.pge.com"},
      "KERN": {"name": "Southern California Gas", "phone": "800-427-2200", "website": "https://www.socalgas.com"},
      "SAN FRANCISCO": {"name": "PG&E", "phone": "800-743-5000", "website": "https://www.pge.com"},
      "VENTURA": {"name": "Southern California Gas", "phone": "800-427-2200", "website": "https://www.socalgas.com"},
      "SAN MATEO": {"name": "PG&E", "phone": "800-743-5000", "website": "https://www.pge.com"},
      "SONOMA": {"name": "PG&E", "phone": "800-743-5000", "website": "https://www.pge.com"},
      "SANTA BARBARA": {"name": "Southern California Gas", "phone": "800-427-2200", "website": "https://www.socalgas.com"}
    },
    "CO": {
      "DENVER": {"name": "Xcel Energy", "phone": "800-895-4999", "website": "https://www.xcelenergy.com"},
      "EL PASO": {"name": "Colorado Springs Utilities", "phone": "719-448-4800", "website": "https://www.csu.org"},
      "ARAPAHOE": {"name": "Xcel Energy", "phone": "800-895-4999", "website": "https://www.xcelenergy.com"},
      "JEFFERSON": {"name": "Xcel Energy", "phone": "800-895-4999", "website": "https://www.xcelenergy.com"},
      "ADAMS": {"name": "Xcel Energy", "phone": "800-895-4999", "website": "https://www.xcelenergy.com"},
      "LARIMER": {"name": "Xcel Energy", "phone": "800-895-4999", "website": "https://www.xcelenergy.com"},
      "DOUGLAS": {"name": "Xcel Energy", "phone": "800-895-4999", "website": "https://www.xcelenergy.com"},
      "BOULDER": {"name": "Xcel Energy", "phone": "800-895-4999", "website": "https://www.xcelenergy.com"},
      "WELD": {"name": "Xcel Energy", "phone": "800-895-4999", "website": "https://www.xcelenergy.com"},
      "PUEBLO": {"name": "Black Hills Energy", "phone": "888-890-5554", "website": "https://www.blackhillsenergy.com"},
      "MESA": {"name": "Black Hills Energy", "phone": "888-890-5554", "website": "https://www.blackhillsenergy.com"}
    },
    "GA": {
      "FULTON": {"name": "Atlanta Gas Light", "phone": "877-427-4321", "website": "https://www.atlantagaslight.com"},
      "GWINNETT": {"name": "Atlanta Gas Light", "phone": "877-427-4321", "website": "https://www.atlantagaslight.com"},
      "COBB": {"name": "Atlanta Gas Light", "phone": "877-427-4321", "website": "https://www.atlantagaslight.com"},
      "DEKALB": {"name": "Atlanta Gas Light", "phone": "877-427-4321", "website": "https://www.atlantagaslight.com"},
      "CHATHAM": {"name": "Atlanta Gas Light", "phone": "877-427-4321", "website": "https://www.atlantagaslight.com"},
      "CLAYTON": {"name": "Atlanta Gas Light", "phone": "877-427-4321", "website": "https://www.atlantagaslight.com"},
      "CHEROKEE": {"name": "Atlanta Gas Light", "phone": "877-427-4321", "website": "https://www.atlantagaslight.com"},
      "FORSYTH": {"name": "Atlanta Gas Light", "phone": "877-427-4321", "website": "https://www.atlantagaslight.com"},
      "HENRY": {"name": "Atlanta Gas Light", "phone": "877-427-4321", "website": "https://www.atlantagaslight.com"},
      "RICHMOND": {"name": "Atlanta Gas Light", "phone": "877-427-4321", "website": "https://www.atlantagaslight.com"},
      "HALL": {"name": "Atlanta Gas Light", "phone": "877-427-4321", "website": "https://www.atlantagaslight.com"},
      "MUSCOGEE": {"name": "Atlanta Gas Light", "phone": "877-427-4321", "website": "https://www.atlantagaslight.com"},
      "BIBB": {"name": "Atlanta Gas Light", "phone": "877-427-4321", "website": "https://www.atlantagaslight.com"}
    }
  }
}
