[{"timestamp": "2026-01-11T14:29:54.162825", "address": "1100 Congress Ave Austin TX 78701", "city": "Austin", "county": "Travis", "state": "TX", "zip_code": "78701", "electric_provider": "PEDERNALES ELECTRIC COOP, INC", "gas_provider": "Texas Gas Service", "water_provider": "CITY OF AUSTIN WATER & WASTEWATER", "internet_count": null}, {"timestamp": "2026-01-11T14:36:09.171562", "address": "1100 Congress Ave Austin TX 78701", "city": "Austin", "county": "Travis", "state": "TX", "zip_code": "78701", "electric_provider": "PEDERNALES ELECTRIC COOP, INC", "gas_provider": "Texas Gas Service", "water_provider": "CITY OF AUSTIN WATER & WASTEWATER", "internet_count": null}, {"timestamp": "2026-01-11T14:37:57.458045", "address": "1100 Congress Ave Austin TX 78701", "city": "Austin", "county": "Travis", "state": "TX", "zip_code": "78701", "electric_provider": "PEDERNALES ELECTRIC COOP, INC", "gas_provider": "Texas Gas Service", "water_provider": "CITY OF AUSTIN WATER & WASTEWATER", "internet_count": null}, {"timestamp": "2026-01-11T15:16:09.671161", "address": "1100 Congress Ave, Austin, TX 78701", "city": "Austin", "county": "Travis", "state": "TX", "zip_code": "78701", "electric_provider": null, "gas_provider": "Texas Gas Service", "water_provider": null, "internet_count": null}, {"timestamp": "2026-01-11T15:17:38.106018", "address": "1100 Congress Ave, Austin, TX 78701", "city": "Austin", "county": "Travis", "state": "TX", "zip_code": "78701", "electric_provider": null, "gas_provider": "Texas Gas Service", "water_provider": null, "internet_count": null}, {"timestamp": "2026-01-11T15:17:52.506094", "address": "1100 Congress Ave, Austin, TX 78701", "city": "Austin", "county": "Travis", "state": "TX", "zip_code": "78701", "electric_provider": null, "gas_provider": "Texas Gas Service", "water_provider": null, "internet_count": null}, {"timestamp": "2026-01-11T15:20:26.193715", "address": "1100 Congress Ave, Austin, TX 78701", "city": "Austin", "county": "Travis", "state": "TX", "zip_code": "78701", "electric_provider": "Austin Energy", "gas_provider": "Texas Gas Service", "water_provider": "CITY OF AUSTIN WATER & WASTEWATER", "internet_count": null}, {"timestamp": "2026-01-11T15:20:43.608017", "address": "1100 Congress Ave, Austin, TX 78701", "city": "Austin", "county": "Travis", "state": "TX", "zip_code": "78701", "electric_provider": null, "gas_provider": "Texas Gas Service", "water_provider": null, "internet_count": null}, {"timestamp": "2026-01-11T15:22:34.427422", "address": "1100 Congress Ave, Austin, TX 78701", "city": "Austin", "county": "Travis", "state": "TX", "zip_code": "78701", "electric_provider": "Austin Energy", "gas_provider": "Texas Gas Service", "water_provider": "Austin Water", "internet_count": null}, {"timestamp": "2026-01-11T15:22:50.814986", "address": "1100 Congress Ave, Austin, TX 78701", "city": "Austin", "county": "Travis", "state": "TX", "zip_code": "78701", "electric_provider": null, "gas_provider": null, "water_provider": "Austin Water", "internet_count": null}, {"timestamp": "2026-01-11T15:23:20.430718", "address": "1100 Congress Ave, Austin, TX 78701", "city": "Austin", "county": "Travis", "state": "TX", "zip_code": "78701", "electric_provider": "Austin Energy", "gas_provider": "Texas Gas Service", "water_provider": "Austin Water", "internet_count": null}, {"timestamp": "2026-01-11T15:52:46.982024", "address": "1100 Congress Ave, Austin, TX", "city": "Austin", "county": "Travis", "state": "TX", "zip_code": "78701", "electric_provider": "Austin Energy", "gas_provider": "Texas Gas Service", "water_provider": "Austin Water", "internet_count": null}, {"timestamp": "2026-01-11T15:53:35.786890", "address": "Austin, TX", "city": "Austin", "county": "Travis", "state": "TX", "zip_code": "", "electric_provider": "Austin Energy", "gas_provider": null, "water_provider": null, "internet_count": null}, {"timestamp": "2026-01-11T15:53:36.959777", "address": "Austin, TX 78701", "city": "Austin", "county": "Travis", "state": "TX", "zip_code": "", "electric_provider": "Austin Energy", "gas_provider": null, "water_provider": null, "internet_count": null}, {"timestamp": "2026-01-11T15:53:37.642958", "address": "1100 Congress Ave, Austin", "city": "Austin", "county": "Travis", "state": "TX", "zip_code": "78701", "electric_provider": "Austin Energy", "gas_provider": null, "water_provider": null, "internet_count": null}, {"timestamp": "2026-01-11T15:53:38.839939", "address": "Congress Ave, Austin, TX", "city": "Austin", "county": "Travis", "state": "TX", "zip_code": "78701", "electric_provider": "Austin Energy", "gas_provider": null, "water_provider": null, "internet_count": null}, {"timestamp": "2026-01-11T17:33:07.129000", "address": "200 N Spring St, Los Angeles, CA 90012", "city": "Los Angeles", "county": "Los Angeles", "state": "CA", "zip_code": "90012", "electric_provider": null, "gas_provider": "SOUTHERN CALIFORNIA GAS COMPANY", "water_provider": null, "internet_count": null}, {"timestamp": "2026-01-11T17:33:08.007391", "address": "121 N LaSalle St, Chicago, IL 60602", "city": "Chicago", "county": "Cook", "state": "IL", "zip_code": "60602", "electric_provider": null, "gas_provider": "PEOPLES GAS LT & COKE CO", "water_provider": null, "internet_count": null}, {"timestamp": "2026-01-11T17:33:08.783849", "address": "200 W Washington St, Phoenix, AZ 85003", "city": "Phoenix", "county": "Maricopa", "state": "AZ", "zip_code": "85003", "electric_provider": null, "gas_provider": "SOUTHWEST GAS CORP", "water_provider": null, "internet_count": null}, {"timestamp": "2026-01-11T17:33:24.105540", "address": "200 N Spring St, Los Angeles, CA 90012", "city": "Los Angeles", "county": "Los Angeles", "state": "CA", "zip_code": "90012", "electric_provider": null, "gas_provider": "SOUTHERN CALIFORNIA GAS COMPANY", "water_provider": null, "internet_count": null}, {"timestamp": "2026-01-11T17:33:43.567391", "address": "200 N Spring St, Los Angeles, CA 90012", "city": "Los Angeles", "county": "Los Angeles", "state": "CA", "zip_code": "90012", "electric_provider": null, "gas_provider": "SOUTHERN CALIFORNIA GAS COMPANY", "water_provider": null, "internet_count": null}, {"timestamp": "2026-01-11T17:33:44.311734", "address": "121 N LaSalle St, Chicago, IL 60602", "city": "Chicago", "county": "Cook", "state": "IL", "zip_code": "60602", "electric_provider": null, "gas_provider": "PEOPLES GAS LT & COKE CO", "water_provider": null, "internet_count": null}, {"timestamp": "2026-01-11T18:24:30.103553", "address": "1100 Congress Ave, Austin, TX 78701", "city": "Austin", "county": "Travis", "state": "TX", "zip_code": "78701", "electric_provider": "Austin Energy", "gas_provider": "Texas Gas Service", "water_provider": null, "internet_count": null}, {"timestamp": "2026-01-11T18:24:43.996604", "address": "500 S Ervay St, Dallas, TX 75201", "city": "Dallas", "county": "Dallas", "state": "TX", "zip_code": "75201", "electric_provider": "HILCO ELECTRIC COOPERATIVE, INC.", "gas_provider": null, "water_provider": null, "internet_count": null}, {"timestamp": "2026-01-11T18:32:06.562476", "address": "3245 Town Crier Ct Brookfield WI 53005", "city": "Brookfield", "county": "Waukesha", "state": "WI", "zip_code": "53005", "electric_provider": "WISCONSIN ELECTRIC POWER CO", "gas_provider": "WISCONSIN GAS CO", "water_provider": "BROOKFIELD WATER UTILITY", "internet_count": null}, {"timestamp": "2026-01-11T18:36:11.180013", "address": "3245 Town Crier Ct Brookfield WI 53005", "city": "Brookfield", "county": "Waukesha", "state": "WI", "zip_code": "53005", "electric_provider": "WISCONSIN ELECTRIC POWER CO", "gas_provider": "WISCONSIN GAS CO", "water_provider": "BROOKFIELD WATER UTILITY", "internet_count": null}, {"timestamp": "2026-01-11T18:55:44.273863", "address": "626 E State St Milwaukee WI", "city": "Milwaukee", "county": "Milwaukee", "state": "WI", "zip_code": "53202", "electric_provider": "WISCONSIN ELECTRIC POWER CO", "gas_provider": "WISCONSIN GAS CO", "water_provider": null, "internet_count": null}, {"timestamp": "2026-01-11T18:58:50.300890", "address": "626 E State St Milwaukee WI", "city": "Milwaukee", "county": "Milwaukee", "state": "WI", "zip_code": "53202", "electric_provider": "WE Energies", "gas_provider": "WE Energies", "water_provider": null, "internet_count": null}, {"timestamp": "2026-01-11T18:59:02.059538", "address": "100 Main St San Francisco CA 94102", "city": "San Francisco", "county": "San Francisco", "state": "CA", "zip_code": "94105", "electric_provider": "Pacific Gas and Electric", "gas_provider": "Pacific Gas and Electric", "water_provider": null, "internet_count": null}, {"timestamp": "2026-01-12T09:20:42.839463", "address": "100 Congress Ave Austin TX 78701", "city": "Austin", "county": "Travis", "state": "TX", "zip_code": "78701", "electric_provider": "Austin Energy", "gas_provider": "Texas Gas Service", "water_provider": null, "internet_count": null}, {"timestamp": "2026-01-12T09:20:46.594963", "address": "626 E State St Milwaukee WI 53202", "city": "Milwaukee", "county": "Milwaukee", "state": "WI", "zip_code": "53202", "electric_provider": "WE Energies", "gas_provider": "WE Energies", "water_provider": null, "internet_count": null}, {"timestamp": "2026-01-12T09:21:33.708851", "address": "626 E State St Milwaukee WI 53202", "city": "Milwaukee", "county": "Milwaukee", "state": "WI", "zip_code": "53202", "electric_provider": "WE Energies", "gas_provider": "WE Energies", "water_provider": null, "internet_count": null}, {"timestamp": "2026-01-12T10:56:29.274650", "address": "500 E 7th St Austin TX 78701", "city": "Austin", "county": "Travis", "state": "TX", "zip_code": "78701", "electric_provider": "Austin Energy", "gas_provider": "Texas Gas Service", "water_provider": null, "internet_count": null}, {"timestamp": "2026-01-12T10:56:31.874147", "address": "200 N Spring St Los Angeles CA 90012", "city": "Los Angeles", "county": "Los Angeles", "state": "CA", "zip_code": "90012", "electric_provider": "Los Angeles Department of Water and Power (LADWP)", "gas_provider": "SOUTHERN CALIFORNIA GAS COMPANY", "water_provider": null, "internet_count": null}, {"timestamp": "2026-01-12T10:56:47.809990", "address": "100 E Broad St Columbus OH 43215", "city": "Columbus", "county": "Franklin", "state": "OH", "zip_code": "43215", "electric_provider": "Columbus Division of Power", "gas_provider": "COLUMBIA GAS OF OHIO", "water_provider": null, "internet_count": null}, {"timestamp": "2026-01-12T10:57:30.699489", "address": "100 E Broad St Columbus OH 43215", "city": "Columbus", "county": "Franklin", "state": "OH", "zip_code": "43215", "electric_provider": "Columbus Division of Power", "gas_provider": "COLUMBIA GAS OF OHIO", "water_provider": null, "internet_count": null}, {"timestamp": "2026-01-12T10:57:34.002278", "address": "401 Biscayne Blvd Miami FL 33132", "city": "Miami", "county": "Miami-Dade", "state": "FL", "zip_code": "33132", "electric_provider": "Florida Power & Light", "gas_provider": "PEOPLES GAS SYSTEMS, INC", "water_provider": null, "internet_count": null}, {"timestamp": "2026-01-12T11:30:57.211181", "address": "200 N Spring St, Los Angeles, CA 90012", "city": "Los Angeles", "county": "Los Angeles", "state": "CA", "zip_code": "90012", "electric_provider": "Los Angeles Department of Water and Power (LADWP)", "gas_provider": "SOUTHERN CALIFORNIA GAS COMPANY", "water_provider": null, "internet_count": null}, {"timestamp": "2026-01-12T11:30:59.896870", "address": "100 E Broad St, Columbus, OH 43215", "city": "Columbus", "county": "Franklin", "state": "OH", "zip_code": "43215", "electric_provider": "Columbus Division of Power", "gas_provider": "COLUMBIA GAS OF OHIO", "water_provider": null, "internet_count": null}, {"timestamp": "2026-01-12T11:30:59.923577", "address": "401 Biscayne Blvd, Miami, FL 33132", "city": "Miami", "county": "Miami-Dade", "state": "FL", "zip_code": "33132", "electric_provider": "Florida Power & Light", "gas_provider": "PEOPLES GAS SYSTEMS, INC", "water_provider": null, "internet_count": null}, {"timestamp": "2026-01-12T11:31:03.511276", "address": "626 E State St, Milwaukee, WI 53202", "city": "Milwaukee", "county": "Milwaukee", "state": "WI", "zip_code": "53202", "electric_provider": "WE Energies", "gas_provider": "WE Energies", "water_provider": null, "internet_count": null}, {"timestamp": "2026-01-12T13:50:32.627049", "address": "673 Lobelia Drive, Davenport, Florida 33837", "city": "Haines City", "county": "Polk", "state": "FL", "zip_code": "33837", "electric_provider": "DUKE ENERGY FLORIDA, LLC", "gas_provider": "Expand Energy", "water_provider": "HAINES CITY, CITY OF", "internet_count": null}, {"timestamp": "2026-01-12T13:51:24.987902", "address": "673 Lobelia Drive, Davenport, Florida 33837", "city": "Haines City", "county": "Polk", "state": "FL", "zip_code": "33837", "electric_provider": "DUKE ENERGY FLORIDA, LLC", "gas_provider": "Expand Energy", "water_provider": "HAINES CITY, CITY OF", "internet_count": null}, {"timestamp": "2026-01-12T13:52:01.194174", "address": "673 Lobelia Drive, Davenport, Florida 33837", "city": "Haines City", "county": "Polk", "state": "FL", "zip_code": "33837", "electric_provider": "DUKE ENERGY FLORIDA, LLC", "gas_provider": "Expand Energy", "water_provider": "HAINES CITY, CITY OF", "internet_count": null}, {"timestamp": "2026-01-13T14:39:54.284914", "address": "301 Treasure Trove Path, Kyle, TX 78640", "city": "Kyle-Buda", "county": "Hays", "state": "TX", "zip_code": "78640", "electric_provider": null, "gas_provider": null, "water_provider": "Crosswinds MUD", "internet_count": null}, {"timestamp": "2026-01-13T14:42:36.052957", "address": "301 Treasure Trove Path, Kyle, TX 78640", "city": "Kyle-Buda", "county": "Hays", "state": "TX", "zip_code": "78640", "electric_provider": null, "gas_provider": null, "water_provider": "City of Kyle Utilities", "internet_count": null}, {"timestamp": "2026-01-19T21:37:54.994202", "address": "1100 Congress Ave, Austin, TX 78701", "city": "Austin", "county": "Travis", "state": "TX", "zip_code": "78701", "electric_provider": "Austin Energy", "gas_provider": "Texas Gas Service", "water_provider": "Austin Water", "internet_count": null}, {"timestamp": "2026-01-19T22:18:23.833584", "address": "1725 Toomey Rd, Austin, TX 78704", "city": "Austin", "county": "Travis", "state": "TX", "zip_code": "78704", "electric_provider": "Austin Energy", "gas_provider": "Texas Gas Service", "water_provider": "Austin Water", "internet_count": null}, {"timestamp": "2026-01-19T22:18:47.144105", "address": "301 Treasure Trove Path, Kyle, TX 78640", "city": "Kyle-Buda", "county": "Hays", "state": "TX", "zip_code": "78640", "electric_provider": "Pedernales Electric Cooperative, Inc.", "gas_provider": "CENTERPOINT ENERGY - ENTEX", "water_provider": "City of Kyle Utilities", "internet_count": null}, {"timestamp": "2026-01-19T22:18:52.123146", "address": "100 Congress Ave, Austin, TX 78701", "city": "Austin", "county": "Travis", "state": "TX", "zip_code": "78701", "electric_provider": "Austin Energy", "gas_provider": "Texas Gas Service", "water_provider": "Austin Water", "internet_count": null}, {"timestamp": "2026-01-19T22:18:58.220330", "address": "1000 Main St, Houston, TX 77002", "city": "Houston", "county": "Harris", "state": "TX", "zip_code": "77002", "electric_provider": "CenterPoint Energy Houston Electric, LLC", "gas_provider": "CenterPoint Energy", "water_provider": "City of Houston Public Works", "internet_count": null}, {"timestamp": "2026-01-19T22:19:03.719946", "address": "1500 Marilla St, Dallas, TX 75201", "city": "Dallas", "county": "Dallas", "state": "TX", "zip_code": "75201", "electric_provider": "Oncor Electric Delivery Company LLC", "gas_provider": "Atmos Energy", "water_provider": "Dallas Water Utilities", "internet_count": null}, {"timestamp": "2026-01-19T22:19:09.914283", "address": "100 Military Plaza, San Antonio, TX 78205", "city": "San Antonio", "county": "Bexar", "state": "TX", "zip_code": "78205", "electric_provider": "CPS Energy", "gas_provider": "CPS Energy", "water_provider": "San Antonio Water System (SAWS)", "internet_count": null}, {"timestamp": "2026-01-19T22:19:27.591574", "address": "1405 Fernwood Glendale Rd, Spartanburg, SC 29307", "city": "Spartanburg", "county": "Spartanburg", "state": "SC", "zip_code": "29307", "electric_provider": "Duke Energy Carolinas", "gas_provider": "PIEDMONT NATURAL GAS", "water_provider": "SPARTANBURG WATER SYSTEM (4210001)", "internet_count": null}, {"timestamp": "2026-01-19T22:19:35.952663", "address": "200 N Spring St, Los Angeles, CA 90012", "city": "Los Angeles", "county": "Los Angeles", "state": "CA", "zip_code": "90012", "electric_provider": "Los Angeles Department of Water & Power", "gas_provider": "SoCalGas", "water_provider": "Los Angeles Department of Water and Power (LADWP)", "internet_count": null}, {"timestamp": "2026-01-19T22:19:39.922205", "address": "1 Dr Carlton B Goodlett Pl, San Francisco, CA 94102", "city": "San Francisco", "county": "San Francisco", "state": "CA", "zip_code": "94102", "electric_provider": "Pacific Gas and Electric", "gas_provider": "Pacific Gas and Electric", "water_provider": "San Francisco Public Utilities Commission (SFPUC)", "internet_count": null}, {"timestamp": "2026-01-19T22:19:45.099959", "address": "350 5th Ave, New York, NY 10118", "city": "New York", "county": "New York", "state": "NY", "zip_code": "10118", "electric_provider": "Consolidated Edison Co-NY Inc", "gas_provider": "Con Edison", "water_provider": "NYC Department of Environmental Protection", "internet_count": null}, {"timestamp": "2026-01-19T22:19:50.598728", "address": "400 S Orange Ave, Orlando, FL 32801", "city": "Orlando", "county": "Orange", "state": "FL", "zip_code": "32801", "electric_provider": "OUC", "gas_provider": "PEOPLES GAS SYSTEMS, INC", "water_provider": "Orlando Utilities Commission (OUC)", "internet_count": null}, {"timestamp": "2026-01-19T22:19:55.324672", "address": "100 N Biscayne Blvd, Miami, FL 33132", "city": "Miami", "county": "Miami-Dade", "state": "FL", "zip_code": "33132", "electric_provider": "Florida Power & Light", "gas_provider": "PEOPLES GAS SYSTEMS, INC", "water_provider": "Miami-Dade Water and Sewer Department", "internet_count": null}, {"timestamp": "2026-01-19T22:20:07.698370", "address": "200 W Colfax Ave, Denver, CO 80202", "city": "Denver", "county": "Denver", "state": "CO", "zip_code": "80202", "electric_provider": "PSC of Colorado", "gas_provider": "Xcel Energy Colorado", "water_provider": "Denver Water", "internet_count": null}, {"timestamp": "2026-01-19T22:20:22.108047", "address": "200 W Washington St, Phoenix, AZ 85003", "city": "Phoenix", "county": "Maricopa", "state": "AZ", "zip_code": "85003", "electric_provider": "Arizona Public Service (APS)", "gas_provider": "Southwest Gas Corporation", "water_provider": "City of Phoenix Water Services", "internet_count": null}, {"timestamp": "2026-01-19T22:20:28.398397", "address": "600 4th Ave, Seattle, WA 98104", "city": "Seattle", "county": "King", "state": "WA", "zip_code": "98104", "electric_provider": "SEATTLE CITY LIGHT", "gas_provider": "PUGET SOUND ENERGY, INC.", "water_provider": "Seattle Public Utilities", "internet_count": null}, {"timestamp": "2026-01-19T22:20:37.239703", "address": "121 N LaSalle St, Chicago, IL 60602", "city": "Chicago", "county": "Cook", "state": "IL", "zip_code": "60602", "electric_provider": "Commonwealth Edison", "gas_provider": "Peoples Gas (WEC Energy)", "water_provider": "City of Chicago Department of Water Management", "internet_count": null}, {"timestamp": "2026-01-19T22:20:47.295796", "address": "55 Trinity Ave SW, Atlanta, GA 30303", "city": "Atlanta", "county": "Fulton", "state": "GA", "zip_code": "30303", "electric_provider": "Georgia Power", "gas_provider": "AGL Resources", "water_provider": "City of Atlanta Department of Watershed Management", "internet_count": null}, {"timestamp": "2026-01-19T22:20:57.692485", "address": "1400 John F Kennedy Blvd, Philadelphia, PA 19107", "city": "Philadelphia", "county": "Philadelphia", "state": "PA", "zip_code": "19107", "electric_provider": "PECO Energy Co", "gas_provider": "PHILADELPHIA GAS WORKS", "water_provider": "Philadelphia Water Department", "internet_count": null}, {"timestamp": "2026-01-19T22:21:03.391591", "address": "601 Lakeside Ave, Cleveland, OH 44114", "city": "Cleveland", "county": "Cuyahoga", "state": "OH", "zip_code": "44114", "electric_provider": "Cleveland Public Power", "gas_provider": "EAST OHIO GAS CO/DOMINION", "water_provider": "Cleveland Water", "internet_count": null}, {"timestamp": "2026-01-19T22:21:08.799985", "address": "90 W Broad St, Columbus, OH 43215", "city": "Columbus", "county": "Franklin", "state": "OH", "zip_code": "43215", "electric_provider": "Columbus Division of Power", "gas_provider": "COLUMBIA GAS OF OHIO", "water_provider": "City of Columbus Division of Water", "internet_count": null}, {"timestamp": "2026-01-19T22:21:13.397049", "address": "2 Woodward Ave, Detroit, MI 48226", "city": "Detroit", "county": "Wayne", "state": "MI", "zip_code": "48226", "electric_provider": "DTE ELECTRIC COMPANY", "gas_provider": "DTE Gas Company", "water_provider": "Great Lakes Water Authority", "internet_count": null}, {"timestamp": "2026-01-19T22:21:18.482016", "address": "1 City Hall Square, Boston, MA 02201", "city": "Boston", "county": "Suffolk", "state": "MA", "zip_code": "02108", "electric_provider": "NSTAR Electric Company", "gas_provider": "Eversource Energy (NSTAR Gas), National Grid (Boston Gas)", "water_provider": "Boston Water and Sewer Commission", "internet_count": null}, {"timestamp": "2026-01-19T22:21:25.269908", "address": "900 E Broad St, Richmond, VA 23219", "city": "Richmond", "county": "Richmond", "state": "VA", "zip_code": "23219", "electric_provider": "Dominion Virginia Power", "gas_provider": "COLUMBIA GAS OF VIRGINIA", "water_provider": "RICHMOND, CITY OF", "internet_count": null}, {"timestamp": "2026-01-19T22:21:45.460629", "address": "2100 Clarendon Blvd, Arlington, VA 22201", "city": "Arlington", "county": "Arlington", "state": "VA", "zip_code": "22201", "electric_provider": "Dominion Virginia Power", "gas_provider": "WASHINGTON GAS", "water_provider": "ARLINGTON COUNTY", "internet_count": null}, {"timestamp": "2026-01-19T22:21:53.043817", "address": "100 N Holliday St, Baltimore, MD 21202", "city": "Baltimore", "county": "Baltimore", "state": "MD", "zip_code": "21202", "electric_provider": "Baltimore Gas & Electric Co", "gas_provider": "BALTIMORE GAS AND ELECTRIC CO", "water_provider": "Baltimore City Department of Public Works", "internet_count": null}, {"timestamp": "2026-01-19T22:22:04.797904", "address": "125 N Main St, Memphis, TN 38103", "city": "Memphis", "county": "Shelby", "state": "TN", "zip_code": "38103", "electric_provider": "Memphis Light, Gas and Water (MLGW)", "gas_provider": "Memphis Light, Gas and Water (MLGW)", "water_provider": "Memphis Light, Gas and Water (MLGW)", "internet_count": null}, {"timestamp": "2026-01-19T22:22:11.143446", "address": "350 S 5th St, Minneapolis, MN 55415", "city": "Minneapolis", "county": "Hennepin", "state": "MN", "zip_code": "55415", "electric_provider": "Northern States Power Co - Minnesota", "gas_provider": "CENTERPOINT ENERGY", "water_provider": "Minneapolis Water Treatment & Distribution", "internet_count": null}, {"timestamp": "2026-01-19T22:22:16.378768", "address": "1200 Market St, St. Louis, MO 63103", "city": "St. Louis", "county": "St. Louis", "state": "MO", "zip_code": "63103", "electric_provider": "Union Electric Co - (MO)", "gas_provider": "AMEREN ILLINOIS", "water_provider": "St. Louis Water Division", "internet_count": null}, {"timestamp": "2026-01-19T22:22:21.660959", "address": "414 E 12th St, Kansas City, MO 64106", "city": "Kansas City", "county": "Jackson", "state": "MO", "zip_code": "64106", "electric_provider": "Evergy Metro", "gas_provider": "Spire Missouri", "water_provider": "KC Water", "internet_count": null}, {"timestamp": "2026-01-19T22:22:26.871694", "address": "200 E Wells St, Milwaukee, WI 53202", "city": "Milwaukee", "county": "Milwaukee", "state": "WI", "zip_code": "53202", "electric_provider": "WE Energies", "gas_provider": "WE Energies", "water_provider": "Milwaukee Water Works", "internet_count": null}, {"timestamp": "2026-01-19T22:22:45.157053", "address": "200 E Washington St, Indianapolis, IN 46204", "city": "Indianapolis city (balance)", "county": "Marion", "state": "IN", "zip_code": "46204", "electric_provider": "Indianapolis Power & Light Co", "gas_provider": "CITIZENS ENERGY GROUP", "water_provider": "Citizens Water", "internet_count": null}, {"timestamp": "2026-01-19T22:22:50.432417", "address": "495 S Main St, Las Vegas, NV 89101", "city": "Las Vegas", "county": "Clark", "state": "NV", "zip_code": "89101", "electric_provider": "Nevada Power Co", "gas_provider": "Southwest Gas Corporation", "water_provider": "Las Vegas Valley Water District", "internet_count": null}, {"timestamp": "2026-01-19T22:22:55.114088", "address": "1221 SW 4th Ave, Portland, OR 97204", "city": "Portland", "county": "Multnomah", "state": "OR", "zip_code": "97204", "electric_provider": "Portland General Electric", "gas_provider": "NORTHWEST NATURAL GAS CO.", "water_provider": "Portland Water Bureau", "internet_count": null}, {"timestamp": "2026-01-19T22:23:00.488667", "address": "451 S State St, Salt Lake City, UT 84111", "city": "Salt Lake City", "county": "Salt Lake", "state": "UT", "zip_code": "84111", "electric_provider": "Rocky Mountain Power", "gas_provider": "Dominion Energy", "water_provider": "Salt Lake City Public Utilities", "internet_count": null}, {"timestamp": "2026-01-19T22:23:11.905613", "address": "200 N Walker Ave, Oklahoma City, OK 73102", "city": "Oklahoma City", "county": "Oklahoma", "state": "OK", "zip_code": "73102", "electric_provider": "OG&E", "gas_provider": "OKLAHOMA NATURAL GAS CO.", "water_provider": "Oklahoma City Utilities", "internet_count": null}, {"timestamp": "2026-01-19T22:23:22.745446", "address": "165 Capitol Ave, Hartford, CT 06106", "city": "Hartford", "county": "Hartford", "state": "CT", "zip_code": "06106", "electric_provider": "Eversource", "gas_provider": "CONNETICUT NATURAL GAS CORP", "water_provider": "METROPOLITAN DISTRICT COMMISSION", "internet_count": null}, {"timestamp": "2026-01-19T22:23:38.066635", "address": "601 W Jefferson St, Louisville, KY 40202", "city": "Louisville", "county": "Jefferson", "state": "KY", "zip_code": "40202", "electric_provider": "Louisville Gas and Electric Company", "gas_provider": "Atmos Energy", "water_provider": "Louisville Water Company", "internet_count": null}, {"timestamp": "2026-01-19T22:23:43.392040", "address": "1300 Perdido St, New Orleans, LA 70112", "city": "New Orleans", "county": "Orleans", "state": "LA", "zip_code": "70112", "electric_provider": "Entergy New Orleans, LLC", "gas_provider": "ENTERGY - GULF STATES", "water_provider": "Sewerage & Water Board of New Orleans", "internet_count": null}, {"timestamp": "2026-01-19T22:23:48.926621", "address": "710 20th St N, Birmingham, AL 35203", "city": "Birmingham", "county": "Jefferson", "state": "AL", "zip_code": "35203", "electric_provider": "Alabama Power Co", "gas_provider": "Spire Alabama", "water_provider": "CENTRAL ALABAMA WATER SYSTEM", "internet_count": null}, {"timestamp": "2026-01-19T22:23:54.426543", "address": "100 Broad St, Charleston, SC 29401", "city": "Charleston", "county": "Charleston", "state": "SC", "zip_code": "29401", "electric_provider": "Dominion Energy South Carolina", "gas_provider": "SOUTH CAROLINA ELECTRIC & GAS", "water_provider": "CHARLESTON WATER SYSTEM (SC1010001)", "internet_count": null}, {"timestamp": "2026-01-19T22:24:14.498861", "address": "1 Civic Plaza NW, Albuquerque, NM 87102", "city": "Albuquerque", "county": "Bernalillo", "state": "NM", "zip_code": "", "electric_provider": "PUBLIC SERVICE CO OF NM", "gas_provider": "NEW MEXICO GAS COMPANY", "water_provider": "Albuquerque Bernalillo County Water Utility Authority", "internet_count": null}, {"timestamp": "2026-01-19T22:24:19.377263", "address": "530 S King St, Honolulu, HI 96813", "city": "Honolulu", "county": "Honolulu", "state": "HI", "zip_code": "96813", "electric_provider": "Hawaiian Electric Company (HECO)", "gas_provider": "HAWAII GAS", "water_provider": "Honolulu Board of Water Supply", "internet_count": null}, {"timestamp": "2026-01-19T22:24:24.880765", "address": "632 W 6th Ave, Anchorage, AK 99501", "city": "Anchorage", "county": "Anchorage", "state": "AK", "zip_code": "99501", "electric_provider": "ANCHORAGE MUNICIPAL LIGHT AND POWER", "gas_provider": "ENSTAR NATURAL GAS CO.", "water_provider": "MOA MUNICIPALITY OF ANCHORAGE", "internet_count": null}, {"timestamp": "2026-01-19T22:24:48.329513", "address": "100 E Main St, Fredericksburg, TX 78624", "city": "Fredericksburg", "county": "Gillespie", "state": "TX", "zip_code": "78624", "electric_provider": "Fredericksburg Electric Utility", "gas_provider": "Atmos Energy", "water_provider": "Gillespie County WCID 1", "internet_count": null}, {"timestamp": "2026-01-19T22:25:09.202618", "address": "200 E San Antonio St, New Braunfels, TX 78130", "city": "New Braunfels", "county": "Comal", "state": "TX", "zip_code": "78130", "electric_provider": "New Braunfels Utilities", "gas_provider": "CENTERPOINT ENERGY - ENTEX", "water_provider": "New Braunfels Utilities", "internet_count": null}, {"timestamp": "2026-01-19T22:25:14.087788", "address": "915 I St, Sacramento, CA 95814", "city": "Sacramento", "county": "Sacramento", "state": "CA", "zip_code": "95814", "electric_provider": "Sacramento Municipal Utility District", "gas_provider": "Pacific Gas and Electric", "water_provider": "City of Sacramento Utilities", "internet_count": null}, {"timestamp": "2026-01-19T22:25:19.027231", "address": "202 C St, San Diego, CA 92101", "city": "San Diego", "county": "San Diego", "state": "CA", "zip_code": "92101", "electric_provider": "SDG&E", "gas_provider": "SDG&E", "water_provider": "City of San Diego Public Utilities", "internet_count": null}, {"timestamp": "2026-01-19T22:37:47.472948", "address": "9212 Groff Landing, Converse, TX 78109", "city": "Converse", "county": "Bexar", "state": "TX", "zip_code": "", "electric_provider": "CPS Energy", "gas_provider": "CENTERPOINT ENERGY - ENTEX", "water_provider": null, "internet_count": null}, {"timestamp": "2026-01-19T22:38:07.382947", "address": "9212 Groff Landing, Converse, TX 78109", "city": "Converse", "county": "Bexar", "state": "TX", "zip_code": "", "electric_provider": "CPS Energy", "gas_provider": "CENTERPOINT ENERGY - ENTEX", "water_provider": null, "internet_count": null}, {"timestamp": "2026-01-19T22:38:34.181292", "address": "9212 Groff Landing, Converse, TX 78109", "city": "Converse", "county": "Bexar", "state": "TX", "zip_code": "", "electric_provider": "CPS Energy", "gas_provider": null, "water_provider": null, "internet_count": null}, {"timestamp": "2026-01-19T22:40:47.454320", "address": "9212 Groff Landing, Converse, TX 78109", "city": "Converse", "county": "Bexar", "state": "TX", "zip_code": "78109", "electric_provider": "CPS Energy", "gas_provider": "CENTERPOINT ENERGY - ENTEX", "water_provider": null, "internet_count": null}, {"timestamp": "2026-01-19T22:41:48.636625", "address": "9212 Groff Landing, Converse, TX 78109", "city": "Converse", "county": "Bexar", "state": "TX", "zip_code": "78109", "electric_provider": "CPS Energy", "gas_provider": null, "water_provider": null, "internet_count": null}, {"timestamp": "2026-01-19T22:42:29.727043", "address": "9212 Groff Landing, Converse, TX 78109", "city": "Converse", "county": "Bexar", "state": "TX", "zip_code": "78109", "electric_provider": "CPS Energy", "gas_provider": null, "water_provider": null, "internet_count": null}, {"timestamp": "2026-01-19T22:42:51.169174", "address": "9212 Groff Landing, Converse, TX 78109", "city": "Converse", "county": "Bexar", "state": "TX", "zip_code": "78109", "electric_provider": "CPS Energy", "gas_provider": "CENTERPOINT ENERGY - ENTEX", "water_provider": null, "internet_count": null}, {"timestamp": "2026-01-20T10:47:26.782603", "address": "1401 Thrasher Dr, Little Elm, TX 75068", "city": "Oak Point", "county": "Denton", "state": "TX", "zip_code": "75068", "electric_provider": "CoServ Electric", "gas_provider": "Atmos Energy", "water_provider": null, "internet_count": null}, {"timestamp": "2026-01-20T10:48:49.066237", "address": "1401 Thrasher Dr, Little Elm, TX 75068", "city": "Oak Point", "county": "Denton", "state": "TX", "zip_code": "75068", "electric_provider": null, "gas_provider": "Atmos Energy", "water_provider": null, "internet_count": null}, {"timestamp": "2026-01-20T10:52:16.974384", "address": "1401 Thrasher Dr, Little Elm, TX 75068", "city": "Oak Point", "county": "Denton", "state": "TX", "zip_code": "75068", "electric_provider": "CoServ Electric", "gas_provider": "CoServ Gas", "water_provider": null, "internet_count": null}]