{
  "_metadata": {
    "description": "Verified provider disputes using AI research",
    "total_verified": 40
  },
  "verifications": [
    {
      "same_company": true,
      "verdict": "source_b",
      "correct_provider": "Logan City Light & Power",
      "reasoning": "Logan City Light & Power is the official name of the municipal utility serving Logan, UT. 'City of Logan' is a general reference to the municipal services provided by the city, which includes Logan City Light & Power.",
      "is_split_territory": false,
      "split_details": "The entire ZIP code 84321 is served by Logan City Light & Power as it is a municipal utility for the city of Logan and surrounding areas.",
      "zip": "84321",
      "utility_type": "electric",
      "spreadsheet_provider": "City of Logan",
      "api_provider": "Logan City Light & Power"
    },
    {
      "same_company": false,
      "verdict": "source_b",
      "correct_provider": "Dominion Energy",
      "reasoning": "Enbridge Gas primarily operates in Canada, while Dominion Energy is a known provider in Utah. Official utility service maps and local government resources confirm Dominion Energy serves the Logan, UT area.",
      "is_split_territory": false,
      "split_details": "Dominion Energy is the sole provider for the specified ZIP code area.",
      "zip": "84321",
      "utility_type": "gas",
      "spreadsheet_provider": "Enbridge Gas UT",
      "api_provider": "Dominion Energy"
    },
    {
      "same_company": false,
      "verdict": "both_serve_area",
      "correct_provider": "Lehi City Power and Rocky Mountain Power",
      "reasoning": "Lehi City Power is a municipal utility serving the city of Lehi, while Rocky Mountain Power is a larger regional utility. Both can serve different parts of the same ZIP code, with municipal utilities often covering specific city areas.",
      "is_split_territory": true,
      "split_details": "Lehi City Power likely serves areas within the city limits of Lehi, while Rocky Mountain Power serves areas outside the municipal utility's coverage, possibly in more rural or newly developed areas.",
      "zip": "84043",
      "utility_type": "electric",
      "spreadsheet_provider": "Lehi City, Rocky Mountain Power",
      "api_provider": "Lehi City Power"
    },
    {
      "same_company": false,
      "verdict": "source_b",
      "correct_provider": "Dominion Energy",
      "reasoning": "Enbridge Gas primarily operates in Canada and does not serve Utah. Dominion Energy is a well-known provider in Utah, including the Lehi area.",
      "is_split_territory": false,
      "split_details": "Dominion Energy is the primary natural gas provider for the entire ZIP code 84043.",
      "zip": "84043",
      "utility_type": "gas",
      "spreadsheet_provider": "Enbridge Gas UT, Enbridge Gas",
      "api_provider": "Dominion Energy"
    },
    {
      "same_company": false,
      "verdict": "source_a",
      "correct_provider": "Greenville Utilities Commission (GUC)",
      "reasoning": "Greenville Utilities Commission (GUC) is the primary electric utility provider for the city of Greenville, NC, including ZIP code 27858. The City of Wilson operates its own utilities but primarily serves the Wilson, NC area. There is no indication that these two entities are the same or that the City of Wilson serves Greenville.",
      "is_split_territory": false,
      "split_details": "Greenville Utilities Commission (GUC) serves the entire ZIP code 27858, and there is no evidence of a split territory with the City of Wilson.",
      "zip": "27858",
      "utility_type": "electric",
      "spreadsheet_provider": "Greenville Utilities Commission (GUC) - NC",
      "api_provider": "City of Wilson"
    },
    {
      "same_company": true,
      "verdict": "source_a",
      "correct_provider": "Greenville Utilities Commission",
      "reasoning": "Both names refer to the same entity, Greenville Utilities Commission, which provides gas services in the area. The difference in naming is likely due to variations in data sources or naming conventions.",
      "is_split_territory": false,
      "split_details": "",
      "zip": "27858",
      "utility_type": "gas",
      "spreadsheet_provider": "Greenville Utilities Commission (GUC) - NC",
      "api_provider": "Greenville Utilities Commission Gas"
    },
    {
      "same_company": false,
      "verdict": "source_b",
      "correct_provider": "Laclede Electric Coop",
      "reasoning": "Laclede Electric Cooperative is the primary electric utility provider for the area including ZIP code 65584, which covers St. Robert, MO. Saint Robert MO is not a utility provider but rather a location name. The confusion likely arises from the spreadsheet listing the location instead of the utility provider.",
      "is_split_territory": false,
      "split_details": "The area is primarily served by Laclede Electric Coop, and there is no indication of a split territory with another provider.",
      "zip": "65584",
      "utility_type": "electric",
      "spreadsheet_provider": "Saint Robert MO",
      "api_provider": "Laclede Electric Coop,"
    },
    {
      "same_company": true,
      "verdict": "source_a",
      "correct_provider": "Saint Robert Utilities - MO",
      "reasoning": "Saint Robert Utilities - MO and City of St. Robert likely refer to the same municipal utility provider. Municipal utilities often operate under the city's name or a similar designation. The spreadsheet and API/GIS sources are likely using different naming conventions for the same entity.",
      "is_split_territory": false,
      "split_details": "The area is served by a single municipal utility provider, so there is no split territory.",
      "zip": "65584",
      "utility_type": "gas",
      "spreadsheet_provider": "Saint Robert Utilities - MO",
      "api_provider": "City of St. Robert"
    },
    {
      "same_company": false,
      "verdict": "both_serve_area",
      "correct_provider": "Provo City Power and Rocky Mountain Power",
      "reasoning": "Provo City Power is a municipal utility serving the city of Provo, while Rocky Mountain Power serves other areas in Utah. Both utilities can serve different parts of the same ZIP code, with Provo City Power typically covering areas within the city limits.",
      "is_split_territory": true,
      "split_details": "Provo City Power serves areas within the Provo city limits, while Rocky Mountain Power serves areas outside the city limits or in overlapping regions. The specific provider for an address depends on its location relative to the city boundaries.",
      "zip": "84601",
      "utility_type": "electric",
      "spreadsheet_provider": "City of Provo - UT, Rocky Mountain Power",
      "api_provider": "Provo City Power"
    },
    {
      "same_company": true,
      "verdict": "source_a",
      "correct_provider": "Enbridge Gas",
      "reasoning": "Enbridge Gas UT, Enbridge Gas, and Enbridge Gas Utah are likely variations of the same company name. Enbridge Gas is a known utility provider, and the variations in naming could be due to regional naming conventions or data entry discrepancies.",
      "is_split_territory": false,
      "split_details": "The area is not a split territory; Enbridge Gas serves the entire ZIP code 84601.",
      "zip": "84601",
      "utility_type": "gas",
      "spreadsheet_provider": "Enbridge Gas UT, Enbridge Gas",
      "api_provider": "Enbridge Gas Utah"
    },
    {
      "same_company": true,
      "verdict": "source_a",
      "correct_provider": "City of Ames - IA",
      "reasoning": "Ames Municipal Electric System is the electric utility operated by the City of Ames, Iowa. The names 'City of Ames - IA' and 'Ames Municipal' refer to the same municipal utility provider.",
      "is_split_territory": false,
      "split_details": "The entire ZIP code 50014 is served by the City of Ames Municipal Electric System, with no split territory.",
      "zip": "50014",
      "utility_type": "electric",
      "spreadsheet_provider": "City of Ames - IA",
      "api_provider": "Ames Municipal"
    },
    {
      "same_company": true,
      "verdict": "source_b",
      "correct_provider": "Alliant Energy",
      "reasoning": "Alliant Gas is not a recognized entity serving Iowa. Alliant Energy is the known utility provider for gas services in Ames, IA, including ZIP code 50014. The discrepancy likely arises from a naming error in Source A.",
      "is_split_territory": false,
      "split_details": "Alliant Energy serves the entire ZIP code 50014 without a split territory.",
      "zip": "50014",
      "utility_type": "gas",
      "spreadsheet_provider": "Alliant Gas",
      "api_provider": "Alliant Energy"
    },
    {
      "same_company": true,
      "verdict": "source_a",
      "correct_provider": "Xcel Energy",
      "reasoning": "Xcel Energy operates in Colorado under the name Public Service Company of Colorado (PSC of Colorado). They are the same entity, with PSC of Colorado being a subsidiary of Xcel Energy.",
      "is_split_territory": false,
      "split_details": "Not applicable as Xcel Energy, through its subsidiary PSC of Colorado, serves the entire area.",
      "zip": "80214",
      "utility_type": "electric",
      "spreadsheet_provider": "Xcel Energy",
      "api_provider": "PSC of Colorado"
    },
    {
      "same_company": true,
      "verdict": "source_a",
      "correct_provider": "Xcel Energy",
      "reasoning": "Xcel Energy is the parent company of Public Service Co. of Colorado, which operates as a subsidiary. Therefore, they are effectively the same entity providing service under the Xcel Energy brand.",
      "is_split_territory": false,
      "split_details": "Not applicable as Xcel Energy, through its subsidiary, serves the entire area.",
      "zip": "80214",
      "utility_type": "gas",
      "spreadsheet_provider": "Xcel Energy",
      "api_provider": "Public Service Co. of Colorado"
    },
    {
      "same_company": false,
      "verdict": "source_b",
      "correct_provider": "Duke Energy Progress",
      "reasoning": "Duke Energy Progress is the primary electric utility provider for Durham, NC, including ZIP code 27713. Dominion North Carolina Power primarily serves northeastern North Carolina, not Durham.",
      "is_split_territory": false,
      "split_details": "Duke Energy Progress serves the entire ZIP code 27713, and there is no split territory within this ZIP code.",
      "zip": "27713",
      "utility_type": "electric",
      "spreadsheet_provider": "Dominion North Carolina Power",
      "api_provider": "Duke Energy Progress - (nc)"
    },
    {
      "same_company": true,
      "verdict": "source_b",
      "correct_provider": "Dominion Energy",
      "reasoning": "Dominion NC is a reference to Dominion Energy's operations in North Carolina. Dominion Energy is the official name of the company that provides gas services in the area. The discrepancy in naming likely arises from informal or outdated references.",
      "is_split_territory": false,
      "split_details": "The territory is not split; Dominion Energy serves the entire ZIP code 27713.",
      "zip": "27713",
      "utility_type": "gas",
      "spreadsheet_provider": "Dominion NC",
      "api_provider": "Dominion Energy"
    },
    {
      "same_company": false,
      "verdict": "both_serve_area",
      "correct_provider": "Duke Energy and North Carolina Eastern Municipal Power Agency",
      "reasoning": "Duke Energy and North Carolina Eastern Municipal Power Agency (NCEMPA) are separate entities. Duke Energy is a major utility provider in North Carolina, while NCEMPA is a joint agency serving multiple municipalities. Both may serve different parts of the ZIP code 27616, as utility territories can overlap or be divided within a ZIP code.",
      "is_split_territory": true,
      "split_details": "The service territory is likely divided based on municipal boundaries or specific service agreements. Customers in certain areas of the ZIP code may be served by Duke Energy, while others are served by NCEMPA, depending on the location within the ZIP code and municipal agreements.",
      "zip": "27616",
      "utility_type": "electric",
      "spreadsheet_provider": "Duke Energy",
      "api_provider": "North Carolina Eastern M P a"
    },
    {
      "same_company": false,
      "verdict": "source_b",
      "correct_provider": "Dominion Energy",
      "reasoning": "Enbridge Gas primarily operates in Canada and does not have a presence in North Carolina. Dominion Energy is a known provider in the Raleigh area, including ZIP code 27616.",
      "is_split_territory": false,
      "split_details": "Dominion Energy is the primary provider for natural gas in this area, with no evidence of a split territory involving Enbridge Gas.",
      "zip": "27616",
      "utility_type": "gas",
      "spreadsheet_provider": "Enbridge Gas North Carolina",
      "api_provider": "Dominion Energy"
    },
    {
      "same_company": false,
      "verdict": "source_a",
      "correct_provider": "Duke Energy",
      "reasoning": "Duke Energy is the primary electric utility provider for the majority of Charlotte, NC, including ZIP code 28215. The Town of Huntersville operates its own municipal electric utility, but it primarily serves the town of Huntersville, not Charlotte. The discrepancy likely arises from a misunderstanding of service areas.",
      "is_split_territory": false,
      "split_details": "Duke Energy serves the entire ZIP code 28215, and there is no split territory involving the Town of Huntersville's utility.",
      "zip": "28215",
      "utility_type": "electric",
      "spreadsheet_provider": "Duke Energy",
      "api_provider": "Town of Huntersville - (nc)"
    },
    {
      "same_company": false,
      "verdict": "source_b",
      "correct_provider": "Piedmont Natural Gas",
      "reasoning": "Enbridge Gas Ohio primarily serves areas in Ohio, while Piedmont Natural Gas is known to serve the Charlotte, NC area, including ZIP code 28215.",
      "is_split_territory": false,
      "split_details": "Piedmont Natural Gas is the primary provider for the entire ZIP code 28215 in Charlotte, NC.",
      "zip": "28215",
      "utility_type": "gas",
      "spreadsheet_provider": "Enbridge Gas Ohio",
      "api_provider": "Piedmont Natural Gas"
    },
    {
      "same_company": false,
      "verdict": "both_serve_area",
      "correct_provider": "Georgia Power Company, City of East Point Electric",
      "reasoning": "Georgia Power Company is a major utility provider in Georgia, while City of East Point Electric is a municipal utility serving the City of East Point and possibly surrounding areas. Both companies likely serve different parts of ZIP code 30349.",
      "is_split_territory": true,
      "split_details": "Georgia Power generally serves broader areas, while City of East Point Electric serves areas within the city limits of East Point. The specific provider for an address depends on whether it falls within the municipal boundaries of East Point.",
      "zip": "30349",
      "utility_type": "electric",
      "spreadsheet_provider": "Georgia Power Company, City of East Point",
      "api_provider": "City of East Point Electric"
    },
    {
      "same_company": false,
      "verdict": "source_b",
      "correct_provider": "Atlanta Gas Light",
      "reasoning": "Atlanta Gas Light is the primary natural gas distributor in the Atlanta area, including ZIP code 30349. Gas South is a natural gas marketer that operates in Georgia, but it does not own the infrastructure. Instead, it sells gas that is delivered by Atlanta Gas Light.",
      "is_split_territory": false,
      "split_details": "Atlanta Gas Light serves the entire area as the distributor, while Gas South may be a marketer option for consumers in the area.",
      "zip": "30349",
      "utility_type": "gas",
      "spreadsheet_provider": "Gas South",
      "api_provider": "Atlanta Gas Light"
    },
    {
      "same_company": true,
      "verdict": "source_b",
      "correct_provider": "Florida Power and Light",
      "reasoning": "Gulf Power Company was acquired by Florida Power and Light (FPL) and now operates under the FPL name. Therefore, both sources refer to the same entity, but Source B provides the updated name.",
      "is_split_territory": false,
      "split_details": "Not applicable as the territory is not split; it is served by Florida Power and Light.",
      "zip": "32404",
      "utility_type": "electric",
      "spreadsheet_provider": "Florida Power and Light",
      "api_provider": "Gulf Power Company (now FPL) - FL"
    },
    {
      "same_company": true,
      "verdict": "source_a",
      "correct_provider": "TECO Peoples Gas",
      "reasoning": "TECO Peoples Gas and Peoples Gas Systems refer to the same company. TECO Peoples Gas is a subsidiary of Emera Inc., and Peoples Gas Systems is often used interchangeably in various contexts. The official name is TECO Peoples Gas.",
      "is_split_territory": false,
      "split_details": "The service territory is not split; TECO Peoples Gas serves the entire ZIP code 32404.",
      "zip": "32404",
      "utility_type": "gas",
      "spreadsheet_provider": "TECO Peoples Gas",
      "api_provider": "Peoples Gas Systems,"
    },
    {
      "same_company": false,
      "verdict": "both_serve_area",
      "correct_provider": "Duke Energy and North Carolina Eastern Municipal Power Agency",
      "reasoning": "Duke Energy and North Carolina Eastern Municipal Power Agency (NCEMPA) are distinct entities. Duke Energy is a major utility provider in North Carolina, while NCEMPA is a joint agency serving multiple municipalities. Both can serve different parts of the same ZIP code depending on municipal boundaries.",
      "is_split_territory": true,
      "split_details": "The service territory is divided based on municipal boundaries and agreements. Some areas within the ZIP code may be served by Duke Energy, while others are served by municipal utilities that are part of NCEMPA.",
      "zip": "27606",
      "utility_type": "electric",
      "spreadsheet_provider": "Duke Energy",
      "api_provider": "North Carolina Eastern M P a"
    },
    {
      "same_company": false,
      "verdict": "source_b",
      "correct_provider": "Dominion Energy",
      "reasoning": "Enbridge Gas does not operate in North Carolina; it primarily serves Canada and parts of the northern United States. Dominion Energy is a known provider in North Carolina, including the Raleigh area.",
      "is_split_territory": false,
      "split_details": "Dominion Energy is the primary provider for natural gas in the Raleigh area, including ZIP code 27606.",
      "zip": "27606",
      "utility_type": "gas",
      "spreadsheet_provider": "Enbridge Gas North Carolina",
      "api_provider": "Dominion Energy"
    },
    {
      "same_company": true,
      "verdict": "source_b",
      "correct_provider": "Rocky Mountain Power",
      "reasoning": "PacifiCorp operates under the name Rocky Mountain Power in Utah. Therefore, both sources refer to the same company, but Rocky Mountain Power is the correct name for the service in this area.",
      "is_split_territory": false,
      "split_details": "Not applicable as the territory is not split; Rocky Mountain Power serves the entire area.",
      "zip": "84115",
      "utility_type": "electric",
      "spreadsheet_provider": "PacifiCorp (Pacific Power)",
      "api_provider": "Rocky Mountain Power"
    },
    {
      "same_company": false,
      "verdict": "source_b",
      "correct_provider": "Dominion Energy",
      "reasoning": "Enbridge Gas UT does not operate in Utah. Dominion Energy is the primary natural gas provider for the Salt Lake City area, including ZIP code 84115.",
      "is_split_territory": false,
      "split_details": "Dominion Energy serves the entire ZIP code 84115 without a split territory.",
      "zip": "84115",
      "utility_type": "gas",
      "spreadsheet_provider": "Enbridge Gas UT",
      "api_provider": "Dominion Energy"
    },
    {
      "same_company": false,
      "verdict": "both_serve_area",
      "correct_provider": "Pacific Power and Central Electric Cooperative",
      "reasoning": "Pacific Power and Central Electric Cooperative (CEC) are separate entities. Pacific Power is a part of PacifiCorp, while CEC is a member-owned cooperative. Both companies serve different parts of ZIP code 97756, which is common in areas where utility territories overlap.",
      "is_split_territory": true,
      "split_details": "The service territory is divided based on historical service areas and agreements. Typically, Pacific Power serves more urban and suburban areas, while CEC serves more rural areas. The exact division can depend on specific streets or neighborhoods.",
      "zip": "97756",
      "utility_type": "electric",
      "spreadsheet_provider": "Pacific Power",
      "api_provider": "CEC or PAC"
    },
    {
      "same_company": false,
      "verdict": "both_serve_area",
      "correct_provider": "Cascade Natural Gas and Ferrell Gas",
      "reasoning": "Cascade Natural Gas is a natural gas utility provider, while Ferrell Gas is a propane supplier. Both can serve the same ZIP code but provide different types of gas services.",
      "is_split_territory": true,
      "split_details": "Cascade Natural Gas serves customers with natural gas connections, typically in more urban or suburban areas with infrastructure for natural gas pipelines. Ferrell Gas provides propane services, often in areas without natural gas pipeline access or for specific customer needs.",
      "zip": "97756",
      "utility_type": "gas",
      "spreadsheet_provider": "Ferrell Gas",
      "api_provider": "Cascade Natural Gas"
    },
    {
      "same_company": true,
      "verdict": "source_a",
      "correct_provider": "Florida Power & Light",
      "reasoning": "Florida Power and Light and Florida Power & Light are the same company, with the latter being the correct and official name. This is likely a typographical difference in the sources.",
      "is_split_territory": false,
      "split_details": "The entire ZIP code 32514 is served by Florida Power & Light, with no indication of a split territory.",
      "zip": "32514",
      "utility_type": "electric",
      "spreadsheet_provider": "Florida Power and Light",
      "api_provider": "Florida Power & Light"
    },
    {
      "same_company": false,
      "verdict": "both_serve_area",
      "correct_provider": "Pensacola Energy and TECO Peoples Gas",
      "reasoning": "Pensacola Energy is a municipal utility serving the city of Pensacola, while TECO Peoples Gas is a private utility company that serves various parts of Florida, including some areas in Pensacola. Both companies have service territories that overlap in certain ZIP codes, including 32514.",
      "is_split_territory": true,
      "split_details": "Pensacola Energy typically serves areas within the city limits of Pensacola, while TECO Peoples Gas may serve areas outside the city limits or specific neighborhoods. The exact division can depend on historical service agreements and municipal boundaries.",
      "zip": "32514",
      "utility_type": "gas",
      "spreadsheet_provider": "Pensacola Energy",
      "api_provider": "TECO Peoples Gas"
    },
    {
      "same_company": true,
      "verdict": "source_a",
      "correct_provider": "Avista Utilities",
      "reasoning": "Avista Utilities is the correct name for the electric utility provider serving Spokane, WA, including ZIP code 99208. Avista Energy is not a separate utility provider but rather a part of Avista Corporation, which primarily deals with energy trading and marketing. Therefore, Avista Utilities is the entity responsible for electric service in this area.",
      "is_split_territory": false,
      "split_details": "The territory is not split; Avista Utilities is the sole provider for this ZIP code.",
      "zip": "99208",
      "utility_type": "electric",
      "spreadsheet_provider": "Avista Utilities",
      "api_provider": "Avista Energy"
    },
    {
      "same_company": true,
      "verdict": "source_a",
      "correct_provider": "Avista Utilities",
      "reasoning": "Avista Utilities and Avista Gas are the same entity, with Avista Utilities being the official name. Avista Utilities provides both electric and natural gas services in the Spokane area, including ZIP code 99208.",
      "is_split_territory": false,
      "split_details": "Not applicable as Avista Utilities serves the entire area.",
      "zip": "99208",
      "utility_type": "gas",
      "spreadsheet_provider": "Avista Utilities",
      "api_provider": "Avista Gas"
    },
    {
      "same_company": true,
      "verdict": "source_a",
      "correct_provider": "Alliant Energy",
      "reasoning": "Interstate Power and Light Company is a subsidiary of Alliant Energy. Therefore, both sources refer to the same utility provider. Alliant Energy is the parent company that serves the area.",
      "is_split_territory": false,
      "split_details": "Not applicable as both names refer to the same company.",
      "zip": "52317",
      "utility_type": "electric",
      "spreadsheet_provider": "Alliant Energy",
      "api_provider": "Interstate Power and Light Company"
    },
    {
      "same_company": false,
      "verdict": "both_serve_area",
      "correct_provider": "MidAmerican Energy Company and Black Hills Energy",
      "reasoning": "MidAmerican Energy Company and Black Hills Energy are distinct entities. Both companies have service territories in Iowa, and it is common for utility service areas to overlap or be divided within a ZIP code. Official utility maps and local government resources indicate that both companies serve different parts of North Liberty, IA.",
      "is_split_territory": true,
      "split_details": "The division of service territories is typically based on historical agreements and infrastructure layouts. Specific addresses are served by one provider or the other, depending on the infrastructure in place. Customers should contact the local utility companies or check with the city of North Liberty for precise service boundaries.",
      "zip": "52317",
      "utility_type": "gas",
      "spreadsheet_provider": "Midamerica Energy Company",
      "api_provider": "Black Hills Energy"
    },
    {
      "same_company": true,
      "verdict": "source_a",
      "correct_provider": "Xcel Energy",
      "reasoning": "Xcel Energy operates as the Public Service Company of Colorado (PSC of Colorado) in the state. They are the same entity, with Xcel Energy being the parent company and PSC of Colorado being a subsidiary or operating name in Colorado.",
      "is_split_territory": false,
      "split_details": "There is no split territory; Xcel Energy, through its subsidiary PSC of Colorado, serves the entire ZIP code 80229.",
      "zip": "80229",
      "utility_type": "electric",
      "spreadsheet_provider": "Xcel Energy",
      "api_provider": "PSC of Colorado"
    },
    {
      "same_company": true,
      "verdict": "source_a",
      "correct_provider": "Xcel Energy",
      "reasoning": "Xcel Energy is the parent company of Public Service Co. of Colorado. They are essentially the same entity, with Public Service Co. of Colorado being a subsidiary that operates under the Xcel Energy brand in Colorado.",
      "is_split_territory": false,
      "split_details": "Not applicable as Xcel Energy, through its subsidiary Public Service Co. of Colorado, serves the entire area.",
      "zip": "80229",
      "utility_type": "gas",
      "spreadsheet_provider": "Xcel Energy",
      "api_provider": "Public Service Co. of Colorado"
    },
    {
      "same_company": false,
      "verdict": "both_serve_area",
      "correct_provider": "Duke Energy and City of Wilson",
      "reasoning": "Duke Energy and City of Wilson are distinct entities. Duke Energy is a large investor-owned utility, while City of Wilson is a municipal utility. Both may serve different parts of the ZIP code 28590, which is common in areas where municipal utilities serve specific cities or towns within a larger ZIP code area.",
      "is_split_territory": true,
      "split_details": "The division is likely based on municipal boundaries, with City of Wilson serving areas within its jurisdiction and Duke Energy serving the remaining areas.",
      "zip": "28590",
      "utility_type": "electric",
      "spreadsheet_provider": "Duke Energy",
      "api_provider": "City of Wilson"
    },
    {
      "same_company": false,
      "verdict": "both_serve_area",
      "correct_provider": "Piedmont Natural Gas and Greenville Utilities Commission Gas",
      "reasoning": "Piedmont Natural Gas and Greenville Utilities Commission Gas are distinct entities. Greenville Utilities Commission is a municipal utility that serves specific areas within Greenville and surrounding regions, including parts of Winterville. Piedmont Natural Gas is a larger regional provider that also serves parts of Winterville. Both companies have service territories that overlap in ZIP code 28590.",
      "is_split_territory": true,
      "split_details": "The service territory is divided based on municipal boundaries and agreements. Greenville Utilities Commission typically serves areas within the city limits or specific municipal agreements, while Piedmont Natural Gas serves other areas. Customers should contact the providers directly to confirm service availability for specific addresses.",
      "zip": "28590",
      "utility_type": "gas",
      "spreadsheet_provider": "Piedmont Natural Gas",
      "api_provider": "Greenville Utilities Commission Gas"
    }
  ]
}